/*
SQLyog Job Agent Copyright(c) Webyog Inc. All Rights Reserved.
MySQL - 10.3.8-MariaDB : Database - db_lapcok
*********************************************************************
*/

/*!40101 SET NAMES utf8 */;

/*!40101 SET SQL_MODE=''*/;

/*!40014 SET @OLD_UNIQUE_CHECKS=@@UNIQUE_CHECKS, UNIQUE_CHECKS=0 */;
/*!40014 SET @OLD_FOREIGN_KEY_CHECKS=@@FOREIGN_KEY_CHECKS, FOREIGN_KEY_CHECKS=0 */;
/*!40101 SET @OLD_SQL_MODE=@@SQL_MODE, SQL_MODE='NO_AUTO_VALUE_ON_ZERO' */;
/*!40111 SET @OLD_SQL_NOTES=@@SQL_NOTES, SQL_NOTES=0 */;
/*Database structure for database `db_lapcok` */

CREATE DATABASE /*!32312 IF NOT EXISTS*/`db_lapcok` /*!40100 DEFAULT CHARACTER SET latin1 */;

USE `db_lapcok`;

/*Table structure for table `members` */

DROP TABLE IF EXISTS `members`;

CREATE TABLE `members` (
  `id` int(10) unsigned NOT NULL AUTO_INCREMENT,
  `name` varchar(255) COLLATE utf8mb4_unicode_ci NOT NULL,
  `email` varchar(255) COLLATE utf8mb4_unicode_ci NOT NULL,
  `password` varchar(255) COLLATE utf8mb4_unicode_ci NOT NULL,
  `created_at` timestamp NULL DEFAULT NULL,
  `updated_at` timestamp NULL DEFAULT NULL,
  PRIMARY KEY (`id`),
  UNIQUE KEY `members_email_unique` (`email`)
) ENGINE=InnoDB AUTO_INCREMENT=12 DEFAULT CHARSET=utf8mb4 COLLATE=utf8mb4_unicode_ci;

/*Data for the table `members` */

insert  into `members` values 
(1,'Member','member@member.com','$2y$10$qC2f3h94H/DaldzQgxeFHerqWsXgUb.kvnx6iMdV.ll7c7aLdgkF2',NULL,NULL),
(2,'Jones','jones@member.com','$2y$10$qC2f3h94H/DaldzQgxeFHerqWsXgUb.kvnx6iMdV.ll7c7aLdgkF2',NULL,NULL),
(3,'Budi','budi@member.com','$2y$10$qC2f3h94H/DaldzQgxeFHerqWsXgUb.kvnx6iMdV.ll7c7aLdgkF2',NULL,NULL),
(4,'Cindy','cindy@member.com','$2y$10$qC2f3h94H/DaldzQgxeFHerqWsXgUb.kvnx6iMdV.ll7c7aLdgkF2',NULL,NULL),
(5,'Diran','diran@member.com','$2y$10$qC2f3h94H/DaldzQgxeFHerqWsXgUb.kvnx6iMdV.ll7c7aLdgkF2',NULL,NULL),
(6,'Edo','edo@member.com','$2y$10$qC2f3h94H/DaldzQgxeFHerqWsXgUb.kvnx6iMdV.ll7c7aLdgkF2',NULL,NULL),
(7,'Firman','firman@member.com','$2y$10$qC2f3h94H/DaldzQgxeFHerqWsXgUb.kvnx6iMdV.ll7c7aLdgkF2',NULL,NULL),
(8,'Guntur','guntur@member.com','$2y$10$qC2f3h94H/DaldzQgxeFHerqWsXgUb.kvnx6iMdV.ll7c7aLdgkF2',NULL,NULL),
(9,'Haris','haris@member.com','$2y$10$qC2f3h94H/DaldzQgxeFHerqWsXgUb.kvnx6iMdV.ll7c7aLdgkF2',NULL,NULL),
(10,'Iman','iman@member.com','$2y$10$qC2f3h94H/DaldzQgxeFHerqWsXgUb.kvnx6iMdV.ll7c7aLdgkF2',NULL,NULL),
(11,'Atma','atma@member.com','$2y$10$qC2f3h94H/DaldzQgxeFHerqWsXgUb.kvnx6iMdV.ll7c7aLdgkF2',NULL,NULL);

/*Table structure for table `menuadmins` */

DROP TABLE IF EXISTS `menuadmins`;

CREATE TABLE `menuadmins` (
  `id` int(10) unsigned NOT NULL AUTO_INCREMENT,
  `parent_id` int(11) NOT NULL DEFAULT 0,
  `label` varchar(50) COLLATE utf8mb4_unicode_ci NOT NULL DEFAULT '-',
  `part` varchar(100) COLLATE utf8mb4_unicode_ci NOT NULL DEFAULT '#',
  `icon` varchar(25) COLLATE utf8mb4_unicode_ci NOT NULL,
  `akses` varchar(50) COLLATE utf8mb4_unicode_ci NOT NULL,
  PRIMARY KEY (`id`)
) ENGINE=InnoDB AUTO_INCREMENT=7 DEFAULT CHARSET=utf8mb4 COLLATE=utf8mb4_unicode_ci;

/*Data for the table `menuadmins` */

insert  into `menuadmins` values 
(1,0,'Administrasi','','','1+0'),
(2,1,'Data Keluarga','dkeluarga','','1+0'),
(3,1,'Data Warga','dwarga','','1+0'),
(4,0,'Iuran','','','1+0'),
(5,4,'Bulanan','bulanan','','1+0'),
(6,1,'Kas In/Out','kas','','1+0');

/*Table structure for table `migrations` */

DROP TABLE IF EXISTS `migrations`;

CREATE TABLE `migrations` (
  `id` int(10) unsigned NOT NULL AUTO_INCREMENT,
  `migration` varchar(255) COLLATE utf8mb4_unicode_ci NOT NULL,
  `batch` int(11) NOT NULL,
  PRIMARY KEY (`id`)
) ENGINE=InnoDB AUTO_INCREMENT=11 DEFAULT CHARSET=utf8mb4 COLLATE=utf8mb4_unicode_ci;

/*Data for the table `migrations` */

insert  into `migrations` values 
(1,'2014_10_12_000000_create_users_table',1),
(2,'2014_10_12_100000_create_password_resets_table',1),
(3,'2017_09_07_122335_create_menuadmins_table',2),
(9,'2017_12_23_165304_create_tb_keluargas_table',3),
(10,'2017_12_23_165305_create_tb_wargas_table',3);

/*Table structure for table `password_resets` */

DROP TABLE IF EXISTS `password_resets`;

CREATE TABLE `password_resets` (
  `email` varchar(255) COLLATE utf8mb4_unicode_ci NOT NULL,
  `token` varchar(255) COLLATE utf8mb4_unicode_ci NOT NULL,
  `created_at` timestamp NULL DEFAULT NULL,
  KEY `password_resets_email_index` (`email`)
) ENGINE=InnoDB DEFAULT CHARSET=utf8mb4 COLLATE=utf8mb4_unicode_ci;

/*Data for the table `password_resets` */

/*Table structure for table `tb_banktrxs` */

DROP TABLE IF EXISTS `tb_banktrxs`;

CREATE TABLE `tb_banktrxs` (
  `id` int(10) unsigned NOT NULL AUTO_INCREMENT,
  `user_id` int(10) unsigned NOT NULL,
  `notrx` varchar(50) COLLATE utf8mb4_unicode_ci NOT NULL,
  `kodetrx` varchar(50) COLLATE utf8mb4_unicode_ci NOT NULL,
  `tanggal` varchar(50) COLLATE utf8mb4_unicode_ci NOT NULL,
  `uraian` varchar(255) COLLATE utf8mb4_unicode_ci DEFAULT NULL,
  `nilai` varchar(50) COLLATE utf8mb4_unicode_ci NOT NULL,
  `created_at` timestamp NULL DEFAULT NULL,
  `updated_at` timestamp NULL DEFAULT NULL,
  PRIMARY KEY (`id`),
  UNIQUE KEY `tb_banktrxs_notrx_unique` (`notrx`),
  KEY `tb_banktrxs_user_id_foreign` (`user_id`),
  CONSTRAINT `tb_banktrxs_user_id_foreign` FOREIGN KEY (`user_id`) REFERENCES `members` (`id`)
) ENGINE=InnoDB AUTO_INCREMENT=15 DEFAULT CHARSET=utf8mb4 COLLATE=utf8mb4_unicode_ci;

/*Data for the table `tb_banktrxs` */

insert  into `tb_banktrxs` values 
(1,2,'1000001','str','1507537009','Setor Tunai','650000',NULL,'2017-12-23 13:30:30'),
(2,2,'1000002','str','1507716109','Setor Tunai','1400000',NULL,'2017-10-16 04:47:35'),
(3,3,'1000003','str','1507649449','Setor Tunai','200000',NULL,'2017-10-16 04:43:20'),
(4,4,'1000004','str','1507630609','Setor Tunai','100000',NULL,'2017-10-16 04:41:49'),
(5,5,'1000005','str','1507688209','Setor Tunai','1400000',NULL,NULL),
(6,5,'1000006','trk','1508033809','Tarik Tunai','-100000',NULL,NULL),
(7,4,'1000007','trk','1508041009','Tarik Tunai','-50000',NULL,NULL),
(8,3,'1000008','trk','1508051809','Tarik Tunai','-100000',NULL,NULL),
(9,2,'1000009','trk','1508314609','Tarik Tunai','-250000',NULL,NULL),
(10,1,'1000010','str','1508176800','Setor Tunai','220000',NULL,'2017-10-16 05:33:12'),
(11,1,'1000011','trk','1508303809','Tarik Tunai','-100000',NULL,'2017-10-16 05:30:50'),
(12,2,'1000012','str','1508138209','Setor Tunai','400000',NULL,NULL),
(13,6,'1000013','str','1509296400','Setor Tunai','500000',NULL,'2017-10-15 19:56:19');

/*Table structure for table `tb_iuranbulanans` */

DROP TABLE IF EXISTS `tb_iuranbulanans`;

CREATE TABLE `tb_iuranbulanans` (
  `id` int(10) unsigned NOT NULL AUTO_INCREMENT,
  `user_id` int(10) unsigned NOT NULL,
  `notrx` varchar(50) COLLATE utf8mb4_unicode_ci NOT NULL,
  `kodetrx` varchar(50) COLLATE utf8mb4_unicode_ci NOT NULL,
  `tanggal` varchar(50) COLLATE utf8mb4_unicode_ci NOT NULL,
  `uraian` varchar(255) COLLATE utf8mb4_unicode_ci DEFAULT NULL,
  `nilai` varchar(50) COLLATE utf8mb4_unicode_ci NOT NULL,
  `created_at` timestamp NULL DEFAULT NULL,
  `updated_at` timestamp NULL DEFAULT NULL,
  PRIMARY KEY (`id`),
  UNIQUE KEY `tb_banktrxs_notrx_unique` (`notrx`),
  KEY `tb_banktrxs_user_id_foreign` (`user_id`)
) ENGINE=InnoDB AUTO_INCREMENT=9 DEFAULT CHARSET=utf8mb4 COLLATE=utf8mb4_unicode_ci;

/*Data for the table `tb_iuranbulanans` */

insert  into `tb_iuranbulanans` values 
(1,1,'1801001','str','1514997848','jan','30000',NULL,NULL),
(2,2,'1801002','str','1514997909','jan','20000',NULL,'2018-01-04 14:51:57'),
(3,0,'1801003','str','1514998507',NULL,'30000',NULL,NULL),
(8,0,'1801004','trk','1515000164',NULL,'-50000',NULL,NULL);

/*Table structure for table `tb_keluargas` */

DROP TABLE IF EXISTS `tb_keluargas`;

CREATE TABLE `tb_keluargas` (
  `id` int(10) unsigned NOT NULL AUTO_INCREMENT,
  `nokk` varchar(50) COLLATE utf8mb4_unicode_ci NOT NULL,
  `alamatkk` varchar(100) COLLATE utf8mb4_unicode_ci DEFAULT NULL,
  `normh` varchar(50) COLLATE utf8mb4_unicode_ci DEFAULT NULL,
  `mutasi` varchar(100) COLLATE utf8mb4_unicode_ci DEFAULT NULL,
  `ket` longtext COLLATE utf8mb4_unicode_ci DEFAULT NULL,
  `created_at` timestamp NULL DEFAULT NULL,
  `updated_at` timestamp NULL DEFAULT NULL,
  PRIMARY KEY (`id`)
) ENGINE=InnoDB AUTO_INCREMENT=162 DEFAULT CHARSET=utf8mb4 COLLATE=utf8mb4_unicode_ci;

/*Data for the table `tb_keluargas` */

insert  into `tb_keluargas` values 
(1,'3672050301080042',NULL,'31',NULL,'',NULL,'2018-04-29 00:50:22'),
(2,'3672051311070593',NULL,'29',NULL,NULL,NULL,'2018-02-09 12:07:15'),
(3,'3672052803160004',NULL,'42',NULL,NULL,NULL,'2018-02-13 03:07:31'),
(4,'3672051206090031',NULL,'32',NULL,NULL,NULL,'2018-02-09 21:29:28'),
(5,'3672052008090005',NULL,'6',NULL,NULL,NULL,'2018-02-13 08:16:56'),
(6,'0',NULL,NULL,'Tidak Diketahui',NULL,'2017-12-26 15:37:01','2018-02-13 16:41:51'),
(7,'3672051211070523',NULL,'26 D',NULL,NULL,'2017-12-26 16:53:14','2018-02-09 21:45:58'),
(8,'3672051610090017',NULL,'25',NULL,NULL,'2017-12-26 16:54:03','2018-02-13 05:27:22'),
(9,'0',NULL,'bedeng',NULL,NULL,'2017-12-26 16:59:24','2018-02-13 15:28:01'),
(10,'3672051511070513',NULL,'47',NULL,NULL,'2017-12-26 16:59:43','2018-02-09 12:01:14'),
(11,'0',NULL,NULL,'Tidak Diketahui',NULL,'2017-12-26 16:59:46','2018-02-13 16:42:10'),
(12,'0',NULL,NULL,'Tidak Diketahui',NULL,'2017-12-26 16:59:48','2018-02-13 16:42:16'),
(13,'3672050903150004',NULL,'36',NULL,NULL,'2017-12-26 16:59:51','2018-02-13 08:26:23'),
(14,'3672051411070710',NULL,'34',NULL,NULL,'2017-12-26 16:59:53','2018-02-09 21:41:13'),
(15,'3672050707170001',NULL,'33',NULL,NULL,'2017-12-26 16:59:56','2018-02-09 12:13:23'),
(16,'3672051311070514',NULL,'7',NULL,NULL,'2017-12-26 17:00:02','2018-02-09 11:57:36'),
(17,'3672051511070017',NULL,'5',NULL,NULL,'2017-12-26 17:00:05','2018-02-13 05:08:14'),
(18,'0',NULL,NULL,'Pindah',NULL,'2017-12-26 17:00:08','2018-02-13 16:35:32'),
(19,'3672051311070828',NULL,'18 D',NULL,NULL,'2017-12-26 17:00:12','2018-02-13 03:10:02'),
(20,'0',NULL,'bedeng',NULL,NULL,'2017-12-26 17:00:16','2018-02-13 15:29:41'),
(21,'3672051311070719',NULL,'46',NULL,NULL,'2017-12-26 17:00:20','2018-02-09 21:24:57'),
(22,'3672050705120004',NULL,'7',NULL,NULL,'2017-12-26 17:00:26','2018-04-28 00:01:25'),
(23,'0',NULL,'19 A',NULL,NULL,'2017-12-26 17:00:28','2018-04-27 04:26:01'),
(24,'3672051411070771',NULL,'1',NULL,NULL,'2017-12-26 17:00:31','2018-02-09 12:04:12'),
(25,'3672052909100002',NULL,'21',NULL,NULL,'2017-12-26 17:00:34','2018-02-13 08:13:28'),
(26,'0',NULL,NULL,'Pindah',NULL,'2017-12-26 17:00:49','2018-02-13 16:36:44'),
(27,'3672051411070811',NULL,'32','Pindah',NULL,'2017-12-26 17:00:53','2018-02-14 08:34:12'),
(28,'367201511070601',NULL,'40 A',NULL,NULL,NULL,'2018-02-13 15:53:55'),
(29,'0',NULL,NULL,'Pindah',NULL,NULL,'2018-02-13 16:37:08'),
(30,'367205110614003',NULL,'45',NULL,NULL,NULL,'2018-02-13 04:32:31'),
(31,'3673051207160001',NULL,'19 B',NULL,NULL,NULL,'2018-05-11 23:02:58'),
(32,'1111111111111111','a','a',NULL,NULL,NULL,'2018-02-13 04:32:31'),
(33,'3672052411110024',NULL,'43 B',NULL,NULL,NULL,'2018-02-09 21:35:15'),
(34,'3672052404120001',NULL,'37','Pindah',NULL,NULL,'2018-02-14 08:33:53'),
(35,'3672051511070447',NULL,'8',NULL,NULL,NULL,'2018-02-13 03:12:08'),
(36,'3672051311070736',NULL,'49 D',NULL,NULL,NULL,'2018-02-09 11:50:47'),
(37,'3672051106120011',NULL,'30',NULL,NULL,NULL,'2018-05-10 23:13:59'),
(38,'0',NULL,'gak tau',NULL,NULL,NULL,'2018-02-13 15:55:34'),
(39,'3672051006150002',NULL,'37',NULL,NULL,NULL,'2018-02-13 08:40:51'),
(40,'3672051504160004',NULL,'35',NULL,NULL,NULL,'2018-02-09 12:17:51'),
(41,'0',NULL,'gak tau',NULL,NULL,NULL,'2018-02-13 15:56:52'),
(42,'3672050501080021',NULL,'24',NULL,NULL,NULL,'2018-02-09 12:27:13'),
(43,'3672051211070540',NULL,'23',NULL,NULL,NULL,'2018-02-13 08:02:08'),
(44,'3672052506120002',NULL,'46',NULL,NULL,NULL,'2018-02-09 21:50:03'),
(45,'0',NULL,'gak tau',NULL,NULL,NULL,'2018-02-13 15:59:47'),
(46,'3672052306150011',NULL,'43 C',NULL,NULL,NULL,'2018-05-02 02:55:34'),
(47,'0',NULL,'gak tau',NULL,NULL,NULL,'2018-02-13 16:00:13'),
(48,'0',NULL,'bedeng',NULL,NULL,NULL,'2018-02-13 16:00:43'),
(49,'3672051005110003',NULL,'40',NULL,NULL,NULL,'2018-02-13 04:21:32'),
(50,'3672051111150004',NULL,'33',NULL,NULL,NULL,'2018-02-13 03:05:02'),
(51,'3672051211070643',NULL,'17',NULL,NULL,NULL,'2018-02-09 11:30:32'),
(52,'0',NULL,'pindah',NULL,NULL,NULL,'2018-02-13 16:02:29'),
(53,'3672051211070484',NULL,'23 A',NULL,NULL,NULL,'2018-02-13 08:05:38'),
(54,'3672050710160004',NULL,'9 D',NULL,NULL,NULL,'2018-02-13 04:17:55'),
(55,'0',NULL,NULL,'Tidak Diketahui',NULL,NULL,'2018-02-13 16:43:04'),
(56,'0',NULL,NULL,NULL,NULL,NULL,NULL),
(57,'3672050709100004',NULL,'48',NULL,NULL,NULL,'2018-02-13 03:09:17'),
(58,'0',NULL,'bedeng',NULL,NULL,NULL,'2018-02-13 16:43:19'),
(59,'3672051509090046','Link. Pegantungan 006/007','20',NULL,NULL,NULL,'2018-02-09 02:20:02'),
(60,'3672051509090052',NULL,'19',NULL,NULL,NULL,'2018-05-11 13:23:03'),
(61,'3672052408090058',NULL,'39 B',NULL,NULL,NULL,'2018-02-09 21:55:41'),
(62,'0',NULL,NULL,'Tidak Diketahui',NULL,NULL,'2018-02-13 16:43:36'),
(63,'0',NULL,NULL,'Tidak Diketahui',NULL,NULL,'2018-02-13 16:43:59'),
(64,'0',NULL,NULL,'Tidak Diketahui',NULL,NULL,'2018-02-13 16:44:07'),
(65,'0',NULL,NULL,'Tidak Diketahui',NULL,NULL,'2018-02-13 16:44:21'),
(66,'0',NULL,NULL,'Tidak Diketahui',NULL,NULL,'2018-02-13 16:44:29'),
(67,'0',NULL,NULL,'Tidak Diketahui',NULL,NULL,'2018-02-13 16:44:38'),
(68,'3672051403110004',NULL,'9 E',NULL,NULL,NULL,'2018-02-14 08:33:05'),
(69,'3672051107110010',NULL,'49 B',NULL,NULL,NULL,'2018-02-09 22:02:16'),
(70,'3672050607100008',NULL,'16',NULL,NULL,NULL,'2018-02-09 21:48:51'),
(71,'3672052812110008',NULL,NULL,'Tidak Diketahui',NULL,NULL,'2018-02-14 08:27:45'),
(72,'0',NULL,NULL,'Pindah',NULL,NULL,'2018-05-10 23:50:13'),
(73,'3672051005120007',NULL,'40 C',NULL,NULL,NULL,'2018-02-13 04:19:32'),
(74,'3672052712100005',NULL,'12',NULL,NULL,NULL,'2018-02-13 13:01:23'),
(75,'0',NULL,NULL,'Pindah',NULL,NULL,'2018-05-11 12:08:02'),
(76,'0',NULL,NULL,'Tidak Diketahui',NULL,NULL,'2018-02-13 16:45:08'),
(77,'3672051606110009',NULL,'41 B',NULL,NULL,NULL,'2018-02-09 11:41:50'),
(78,'0',NULL,NULL,'Tidak Diketahui',NULL,NULL,'2018-02-13 16:45:19'),
(79,'0',NULL,NULL,'Pindah',NULL,NULL,'2018-05-10 23:00:49'),
(80,'3672051411070597',NULL,'50',NULL,NULL,NULL,'2018-02-13 07:57:20'),
(81,'3672051411070479',NULL,'19',NULL,NULL,NULL,'2018-02-13 05:18:31'),
(82,'3672051311070583',NULL,'4',NULL,NULL,NULL,'2018-04-27 04:13:49'),
(83,'3672051411070531',NULL,'41 A',NULL,NULL,NULL,'2018-02-13 08:20:03'),
(84,'0',NULL,'gak tau',NULL,NULL,NULL,'2018-02-13 16:08:53'),
(85,'0',NULL,NULL,'Pindah',NULL,NULL,'2018-02-13 16:45:45'),
(86,'0',NULL,'gak tau',NULL,NULL,NULL,'2018-02-13 16:09:52'),
(87,'3672052207130006',NULL,'34 E',NULL,NULL,NULL,'2018-02-09 11:43:12'),
(88,'3672053105170004',NULL,'19 D',NULL,NULL,NULL,'2018-02-09 12:09:59'),
(89,'0',NULL,'gak tau',NULL,NULL,NULL,'2018-02-13 16:10:13'),
(90,'3672050702110009',NULL,'45',NULL,NULL,NULL,'2018-02-13 05:13:16'),
(91,'3672051509090048',NULL,'37',NULL,NULL,NULL,'2018-04-29 01:00:08'),
(92,'3672051411070693',NULL,'9',NULL,NULL,NULL,'2018-02-13 08:33:43'),
(93,'0',NULL,NULL,NULL,NULL,NULL,NULL),
(94,'3672051411070571',NULL,'37',NULL,NULL,NULL,'2018-02-13 08:42:25'),
(95,'3672051411070496',NULL,'11',NULL,NULL,NULL,'2018-02-13 08:08:54'),
(96,'3672051311070489',NULL,'36 A',NULL,NULL,NULL,'2018-02-13 05:04:13'),
(97,'3672052701150005',NULL,'10',NULL,NULL,NULL,'2018-02-13 08:32:08'),
(98,'3672050406150008',NULL,'1',NULL,NULL,NULL,'2018-02-13 03:00:00'),
(99,'3672051411070674',NULL,'52',NULL,NULL,NULL,'2018-02-09 22:07:15'),
(100,'0',NULL,'pindah',NULL,NULL,NULL,'2018-02-13 16:10:51'),
(101,'3672051411070663',NULL,'45',NULL,NULL,NULL,'2018-02-09 12:29:44'),
(102,'0',NULL,NULL,NULL,NULL,NULL,NULL),
(103,'0',NULL,'gak tau',NULL,NULL,NULL,'2018-02-13 16:11:48'),
(104,'3672052812110008',NULL,'6',NULL,NULL,NULL,'2018-02-13 04:27:06'),
(105,'0',NULL,NULL,'Pindah',NULL,NULL,'2018-04-29 00:38:44'),
(106,'0',NULL,NULL,NULL,NULL,NULL,NULL),
(107,'0',NULL,NULL,NULL,NULL,NULL,NULL),
(108,'36772051211070560',NULL,'3',NULL,NULL,NULL,'2018-05-01 22:55:06'),
(109,'0',NULL,NULL,NULL,NULL,NULL,NULL),
(110,'0',NULL,NULL,NULL,NULL,NULL,NULL),
(111,'0',NULL,NULL,NULL,NULL,NULL,NULL),
(112,'0',NULL,NULL,NULL,NULL,NULL,NULL),
(113,'3672053006140001',NULL,'43',NULL,NULL,NULL,'2018-02-13 13:09:30'),
(114,'0',NULL,NULL,NULL,NULL,NULL,NULL),
(115,'0',NULL,NULL,NULL,NULL,NULL,NULL),
(116,'Rofidin',NULL,'42',NULL,NULL,NULL,'2018-02-13 15:13:37'),
(117,'0',NULL,NULL,NULL,NULL,NULL,NULL),
(118,'0',NULL,NULL,NULL,NULL,NULL,NULL),
(119,'3672051807160021','Link. Pegantungan 006/007','20',NULL,NULL,'2018-02-09 11:12:11',NULL),
(120,'3672052701160012',NULL,'37',NULL,NULL,'2018-02-13 09:02:53',NULL),
(121,'3672051509090048',NULL,'15',NULL,NULL,'2018-02-13 09:08:46',NULL),
(122,'3672051402140006',NULL,'20',NULL,NULL,'2018-02-13 09:11:30',NULL),
(123,'3672050306150002',NULL,'9 G',NULL,NULL,'2018-02-13 09:14:30','2018-02-13 09:15:13'),
(124,'3672050508150009',NULL,'12',NULL,NULL,'2018-02-13 09:19:56',NULL),
(125,'3672053009140014',NULL,'12','Pindah',NULL,'2018-02-13 09:51:31','2018-02-14 08:31:42'),
(126,'3672051010120003',NULL,'12',NULL,NULL,'2018-02-13 09:53:06',NULL),
(127,'3672051509090071',NULL,'9',NULL,NULL,'2018-02-13 09:59:34',NULL),
(128,'3672052501120006',NULL,'2',NULL,NULL,'2018-02-13 10:05:52',NULL),
(129,'3672051211070560',NULL,'3',NULL,NULL,'2018-02-13 10:11:26',NULL),
(130,'3672052408170005',NULL,'4',NULL,NULL,'2018-02-13 10:18:04','2018-02-14 08:30:56'),
(131,'3672052408170005',NULL,'3',NULL,NULL,'2018-02-13 10:21:38',NULL),
(132,'3672051211070629',NULL,'49',NULL,NULL,'2018-02-13 10:25:23',NULL),
(133,'3672051311070693',NULL,'46',NULL,NULL,'2018-02-13 10:28:11',NULL),
(134,'3672051311070533',NULL,'25','Numpang KK',NULL,'2018-02-13 10:35:28','2018-02-14 08:35:24'),
(135,'3672051009150010',NULL,'42',NULL,NULL,'2018-02-13 11:43:19',NULL),
(136,'3672051512090002',NULL,'37',NULL,NULL,'2018-02-13 11:47:20',NULL),
(137,'3672050209090007',NULL,'12 D',NULL,NULL,'2018-02-13 11:54:01',NULL),
(138,'3672052406160005',NULL,'40 C',NULL,NULL,'2018-02-13 11:58:49','2018-02-13 15:25:18'),
(139,'3672052908160012',NULL,'40 B',NULL,NULL,'2018-02-13 12:05:39',NULL),
(140,'367205020816009',NULL,'36 B',NULL,NULL,'2018-02-13 12:08:28',NULL),
(141,'3672052609140005',NULL,'37',NULL,NULL,'2018-02-13 12:15:31','2018-02-13 12:31:39'),
(142,'3672051006150002',NULL,'37',NULL,NULL,'2018-02-13 12:37:32',NULL),
(143,'3672051509090069',NULL,'37',NULL,NULL,'2018-02-13 12:38:53',NULL),
(144,'3672051411070612',NULL,'37',NULL,NULL,'2018-02-13 12:43:58',NULL),
(145,'3672050104150009',NULL,'37',NULL,NULL,'2018-02-13 12:49:55',NULL),
(146,'3672051404150008',NULL,'37',NULL,NULL,'2018-02-13 12:54:02',NULL),
(147,'3672052210150003',NULL,'18',NULL,NULL,'2018-02-13 13:23:42',NULL),
(148,'3672051809120002',NULL,'52',NULL,NULL,'2018-02-13 13:27:51',NULL),
(149,'3672050410100012',NULL,'18',NULL,NULL,'2018-02-13 14:02:34',NULL),
(150,'3672052701160013',NULL,'3',NULL,NULL,'2018-02-13 14:04:53','2018-03-01 06:54:13'),
(151,'3672053108150013',NULL,'52',NULL,NULL,'2018-02-13 14:17:32','2018-02-13 14:17:40'),
(152,'3672050902170009',NULL,'41',NULL,NULL,'2018-02-13 14:30:00',NULL),
(153,'3672050109090021',NULL,'46',NULL,NULL,'2018-02-13 14:31:33',NULL),
(154,'3672052812110011',NULL,'41',NULL,NULL,'2018-02-13 14:34:21',NULL),
(155,'3672051511070488',NULL,'53',NULL,NULL,'2018-02-13 14:38:27','2018-05-03 01:27:50'),
(156,'3672051211070457',NULL,'25',NULL,NULL,'2018-02-13 14:40:30',NULL),
(157,'3672050303150004',NULL,'28 A',NULL,NULL,'2018-02-13 14:44:22',NULL),
(158,'3672050303140002',NULL,'47 B',NULL,NULL,'2018-02-13 14:46:41',NULL),
(159,'3672051610140007',NULL,'43',NULL,NULL,'2018-02-13 14:49:14',NULL),
(160,'3672052803160004',NULL,'42',NULL,NULL,'2018-02-13 15:14:21',NULL),
(161,'3672052406160005',NULL,'52',NULL,NULL,'2018-02-13 15:19:08',NULL);

/*Table structure for table `tb_pos_produks` */

DROP TABLE IF EXISTS `tb_pos_produks`;

CREATE TABLE `tb_pos_produks` (
  `id` int(10) unsigned NOT NULL AUTO_INCREMENT,
  `kode_produk` varchar(10) COLLATE utf8mb4_unicode_ci NOT NULL,
  `jenis` varchar(50) COLLATE utf8mb4_unicode_ci NOT NULL,
  `nama_produk` varchar(20) COLLATE utf8mb4_unicode_ci NOT NULL,
  `qty` varchar(255) COLLATE utf8mb4_unicode_ci NOT NULL,
  `deskripsi` varchar(255) COLLATE utf8mb4_unicode_ci NOT NULL,
  `created_at` timestamp NULL DEFAULT NULL,
  `updated_at` timestamp NULL DEFAULT NULL,
  PRIMARY KEY (`id`),
  UNIQUE KEY `tb_pos_produks_kode_produk_unique` (`kode_produk`)
) ENGINE=InnoDB AUTO_INCREMENT=52 DEFAULT CHARSET=utf8mb4 COLLATE=utf8mb4_unicode_ci;

/*Data for the table `tb_pos_produks` */

insert  into `tb_pos_produks` values 
(1,'A-1709001','makanan','Ayam K B1','10','Ayam Krispi Sayap Besar',NULL,NULL),
(2,'A-1709002','makanan','Ayam K B2','10','Ayam Krispi Dada Besar',NULL,NULL),
(3,'A-1709003','makanan','Ayam K B3','10','Ayam Krispi Paha Besar',NULL,NULL),
(4,'A-1709005','makanan','Ayam K B1','10','Ayam Krispi Sayap Kecil',NULL,NULL),
(5,'A-1709006','makanan','Ayam K B2','10','Ayam Krispi Dada Kecil',NULL,NULL),
(6,'A-1709007','makanan','Ayam K B3','10','Ayam Krispi Paha kecil',NULL,NULL),
(7,'A-1709008','makanan','Ayam G B1','10','Ayam Goreng Sayap Besar',NULL,NULL),
(8,'A-1709009','makanan','Ayam G B2','10','Ayam Goreng Dada Besar',NULL,NULL),
(9,'A-1709010','makanan','Ayam G B3','10','Ayam Goreng Paha Besar',NULL,NULL),
(10,'A-1709011','makanan','Ayam G B1','10','Ayam Goreng Sayap Kecil',NULL,NULL),
(11,'A-1709012','makanan','Ayam G B2','10','Ayam Goreng Dada Kecil',NULL,NULL),
(12,'A-1709013','makanan','Ayam G B3','10','Ayam Goreng Paha kecil',NULL,NULL),
(13,'A-1709014','makanan','Ayam B B1','10','Ayam Bakar Sayap Besar',NULL,NULL),
(14,'A-1709015','makanan','Ayam B B2','10','Ayam Bakar Dada Besar',NULL,NULL),
(15,'A-1709016','makanan','Ayam B B3','10','Ayam Bakar Paha Besar',NULL,NULL),
(16,'A-1709017','makanan','Ayam B B1','10','Ayam Bakar Sayap Kecil',NULL,NULL),
(17,'A-1709018','makanan','Ayam B B2','10','Ayam Bakar Dada Kecil',NULL,NULL),
(18,'A-1709019','makanan','Ayam B B3','10','Ayam Bakar Paha kecil',NULL,NULL),
(19,'A-1709020','makanan','Nasi','10','Nasi Putih',NULL,NULL),
(20,'A-1709021','makanan','Nasi O','10','Nasi Organik',NULL,NULL),
(21,'A-1709022','makanan','Nasi U','10','Nasi Uduk',NULL,NULL),
(22,'A-1709023','makanan','Nasi G B','10','Nasi Goreng Biasa',NULL,NULL),
(23,'A-1709024','makanan','Nasi G A','10','Nasi Goreng Ati',NULL,NULL),
(24,'A-1709025','makanan','Nasi G S','10','Nasi Goreng Spesial',NULL,NULL),
(25,'M-1709026','makanan','SOP IGA','10','SOP IGA',NULL,NULL),
(26,'M-1709027','makanan','SOP Ayam','10','SOP Ayam',NULL,NULL),
(27,'M-1709028','makanan','Sayur Asem','10','Sayur Asem',NULL,NULL),
(28,'I-1709001','Minuman','Jus Alpukat','10','Jus Alpukat',NULL,NULL),
(29,'I-1709002','Minuman','Jus Mangga','10','Jus Mangga',NULL,NULL),
(30,'I-1709003','Minuman','Jus Strobery','10','Jus Strobery',NULL,NULL),
(31,'I-1709004','Minuman','Jus Belimbing','10','Jus Belimbing',NULL,NULL),
(32,'I-1709005','Minuman','Jus Jambu','10','Jus Jambu',NULL,NULL),
(33,'I-1709006','Minuman','Jus Durian','10','Jus Durian',NULL,NULL),
(34,'I-1709007','Minuman','Air Jeruk','10','Air Jeruk',NULL,NULL),
(35,'I-1709008','Minuman','Air Lemon','10','Air Lemon',NULL,NULL),
(36,'I-1709009','Minuman','Teh Lemon','10','Teh Lemon',NULL,NULL),
(37,'I-1709010','Minuman','Teh Manis','10','Teh Manis',NULL,NULL),
(38,'I-1709011','Minuman','Kopi Original','10','Kopi Original',NULL,NULL),
(39,'I-1709012','Minuman','Kopi Susu','10','Kopi Susu',NULL,NULL),
(40,'I-1709013','Minuman','Wedang Jahe','10','Wedang Jahe',NULL,NULL),
(41,'I-1709014','Minuman','Jahe Susu','10','Jahe Susu',NULL,NULL),
(42,'I-1709015','Minuman','Ovaltine','10','Ovaltine',NULL,NULL),
(43,'I-1709016','Minuman','Coklat Panas','10','Coklat Panas',NULL,NULL),
(44,'I-1709017','Minuman','Moca float','10','Moca Float',NULL,NULL),
(45,'I-1709018','Minuman','Lemon float','10','Lemon Float',NULL,NULL),
(46,'L-1709007','Minuman','Banana Split','10','Banana Split',NULL,NULL),
(47,'L-1709008','Minuman','Ice Cream','10','Ice Cream',NULL,NULL),
(48,'L-1709009','Minuman','Toys','10','Toys',NULL,NULL),
(49,'L-1709000','Minuman','Roti Bakar','10','Roti Bakar',NULL,NULL),
(50,'L-1709001','Minuman','Pisang Bakar','10','Pisang Bakar',NULL,NULL),
(51,'L-1709002','Minuman','Sosi','10','Sosi',NULL,NULL);

/*Table structure for table `tb_test` */

DROP TABLE IF EXISTS `tb_test`;

CREATE TABLE `tb_test` (
  `id` int(11) DEFAULT NULL
) ENGINE=InnoDB DEFAULT CHARSET=latin1;

/*Data for the table `tb_test` */

/*Table structure for table `tb_wargas` */

DROP TABLE IF EXISTS `tb_wargas`;

CREATE TABLE `tb_wargas` (
  `id` int(10) unsigned NOT NULL AUTO_INCREMENT,
  `id_kk` varchar(10) COLLATE utf8mb4_unicode_ci NOT NULL,
  `mutasi` varchar(255) COLLATE utf8mb4_unicode_ci DEFAULT NULL,
  `nama` varchar(50) COLLATE utf8mb4_unicode_ci NOT NULL,
  `pob` varchar(50) COLLATE utf8mb4_unicode_ci DEFAULT NULL,
  `dob` varchar(50) COLLATE utf8mb4_unicode_ci DEFAULT NULL,
  `jk` varchar(20) COLLATE utf8mb4_unicode_ci DEFAULT NULL,
  `agama` varchar(50) COLLATE utf8mb4_unicode_ci DEFAULT NULL,
  `pendidikan` varchar(100) COLLATE utf8mb4_unicode_ci DEFAULT NULL,
  `pekerjaan` varchar(100) COLLATE utf8mb4_unicode_ci DEFAULT NULL,
  `status` varchar(50) COLLATE utf8mb4_unicode_ci DEFAULT NULL,
  `hub` varchar(50) COLLATE utf8mb4_unicode_ci DEFAULT NULL,
  `nayah` varchar(100) COLLATE utf8mb4_unicode_ci DEFAULT NULL,
  `nibu` varchar(100) COLLATE utf8mb4_unicode_ci DEFAULT NULL,
  `kk` varchar(5) COLLATE utf8mb4_unicode_ci DEFAULT NULL,
  `created_at` timestamp NULL DEFAULT NULL,
  `updated_at` timestamp NULL DEFAULT NULL,
  PRIMARY KEY (`id`)
) ENGINE=InnoDB AUTO_INCREMENT=616 DEFAULT CHARSET=utf8mb4 COLLATE=utf8mb4_unicode_ci;

/*Data for the table `tb_wargas` */

insert  into `tb_wargas` values 
(1,'1',NULL,'Aan Andriawan',NULL,'290278800','L','Islam',NULL,'Wiraswasta',NULL,'Suami',NULL,NULL,'1',NULL,'2018-02-13 04:11:51'),
(2,'1',NULL,'Rohilah',NULL,'552502800','P','Islam',NULL,'IRT',NULL,'Istri',NULL,NULL,'',NULL,'2018-02-13 04:09:45'),
(3,'1',NULL,'Ibrahim Andriawan',NULL,'1237568400','L','Islam',NULL,'PELAJAR/MAHASISWA',NULL,'Anak',NULL,NULL,'',NULL,'2018-02-13 04:10:14'),
(4,'2',NULL,'Abdul Adim',NULL,'-1117611000','L','Islam',NULL,'Pensiunan',NULL,'Suami',NULL,NULL,'1',NULL,'2018-02-09 12:08:04'),
(5,'2',NULL,'Siti Aeniyah',NULL,'-541409400','P','Islam',NULL,'IRT',NULL,'Istri',NULL,NULL,'',NULL,'2018-02-09 12:08:27'),
(6,'2','Berumah Tangga','Indah Kurniawati',NULL,'502045200',NULL,NULL,NULL,NULL,NULL,NULL,NULL,NULL,'',NULL,'2018-02-09 12:08:45'),
(7,'2','Berumah Tangga','Umi Ruhama',NULL,'578336400',NULL,NULL,NULL,NULL,NULL,NULL,NULL,NULL,'',NULL,'2018-02-09 12:09:02'),
(8,'2','Berumah Tangga','Nihayatul Husna',NULL,'631126800',NULL,NULL,NULL,NULL,NULL,NULL,NULL,NULL,'',NULL,'2018-02-09 12:09:24'),
(9,'3','alm','Abdul Syukur',NULL,'-769683600',NULL,NULL,NULL,NULL,NULL,NULL,NULL,NULL,'1',NULL,'2018-05-11 11:29:15'),
(10,'3','alm','Rosifah',NULL,'-297673200',NULL,NULL,NULL,NULL,NULL,NULL,NULL,NULL,'',NULL,'2018-05-11 11:29:26'),
(11,'3','Pisah KK','Rofidin',NULL,'166035600',NULL,NULL,NULL,NULL,NULL,NULL,NULL,NULL,'',NULL,'2018-02-13 13:16:43'),
(12,'3','pisah kk','Ali Rohim',NULL,'429728400','P',NULL,NULL,NULL,NULL,NULL,NULL,NULL,'',NULL,'2018-05-11 11:29:55'),
(13,'3','Pisah KK','Muhammad Amir',NULL,'511030800',NULL,NULL,NULL,NULL,NULL,NULL,NULL,NULL,'',NULL,'2018-02-13 08:23:10'),
(14,'4',NULL,'Abu Bakar',NULL,'198349200','L','Islam',NULL,'Wiraswasta',NULL,'Suami',NULL,NULL,'1',NULL,'2018-02-09 21:31:02'),
(15,'4',NULL,'Erni Wati',NULL,'229885200','P','Islam',NULL,'IRT',NULL,'Istri',NULL,NULL,'',NULL,'2018-02-09 21:30:06'),
(16,'4',NULL,'Mutiara N.Q.',NULL,'971283600','P','Islam',NULL,'PELAJAR/MAHASISWA',NULL,'Anak',NULL,NULL,'',NULL,'2018-02-09 21:30:34'),
(17,'4',NULL,'Putri Lestari',NULL,'1228755600','P','Islam',NULL,'PELAJAR/MAHASISWA',NULL,'Anak',NULL,NULL,'',NULL,'2018-02-09 21:31:02'),
(18,'4',NULL,'Aditiya Pancasona',NULL,'1443027600','L','Islam',NULL,NULL,NULL,'Anak',NULL,NULL,'',NULL,'2018-02-09 21:32:52'),
(19,'4','gak tau','Siti Mariam',NULL,'620758800',NULL,NULL,NULL,NULL,NULL,NULL,NULL,NULL,'',NULL,'2018-02-09 21:33:19'),
(20,'5',NULL,'Achmad Suhiyadi',NULL,'295635600','L','Islam',NULL,'Karyawan Swasta',NULL,'Suami',NULL,NULL,'1',NULL,'2018-02-13 08:17:17'),
(21,'5',NULL,'Desy Yulianti',NULL,'378234000','P','Islam',NULL,'IRT',NULL,'Istri',NULL,NULL,'',NULL,'2018-04-27 03:31:21'),
(22,'5',NULL,'Khanza Rizka Azzahra',NULL,'1249059600','P','Islam',NULL,NULL,NULL,'Anak',NULL,NULL,'',NULL,'2018-02-13 08:18:27'),
(23,'5',NULL,'Rahes Azizan',NULL,'1348074000','L','Islam',NULL,NULL,NULL,'Anak',NULL,NULL,'',NULL,'2018-02-13 08:18:40'),
(24,'6',NULL,'Ade Darnawan',NULL,'236970000','L','Islam',NULL,'Wiraswasta',NULL,'Suami',NULL,NULL,'1',NULL,'2018-02-09 21:44:50'),
(25,'6',NULL,'Sri Mulati',NULL,'-251103600',NULL,NULL,NULL,NULL,NULL,NULL,NULL,NULL,'',NULL,NULL),
(26,'6',NULL,'Hairani Rohi',NULL,'1011546000',NULL,NULL,NULL,NULL,NULL,NULL,NULL,NULL,'',NULL,NULL),
(27,'6',NULL,'Rayan Salamun Khaiz',NULL,'1293296400',NULL,NULL,NULL,NULL,NULL,NULL,NULL,NULL,'',NULL,NULL),
(28,'6',NULL,'Rina Dewi Melati',NULL,'460659600',NULL,NULL,NULL,NULL,NULL,NULL,NULL,NULL,'',NULL,NULL),
(29,'6',NULL,'Joko Tetuko',NULL,'607021200',NULL,NULL,NULL,NULL,NULL,NULL,NULL,NULL,'',NULL,NULL),
(30,'7',NULL,'Ade Muainudin',NULL,'236970000','L','Islam',NULL,'Wiraswasta',NULL,'Suami',NULL,NULL,'1',NULL,'2018-02-13 15:57:27'),
(31,'7',NULL,'Rena Afriani',NULL,'318704400','P','Islam',NULL,'IRT',NULL,'Istri',NULL,NULL,'',NULL,'2018-04-28 00:27:06'),
(32,'7',NULL,'Robiatul Jannah',NULL,'1054659600','P','Islam',NULL,'PELAJAR/MAHASISWA',NULL,'Anak',NULL,NULL,'',NULL,'2018-02-09 21:47:31'),
(33,'7',NULL,'Muhammad Firdaus',NULL,'1279558800','L','Islam',NULL,'PELAJAR/MAHASISWA',NULL,'Anak',NULL,NULL,'',NULL,'2018-02-09 21:48:10'),
(34,'8',NULL,'Aditya Rahman',NULL,'481741200','L','Islam',NULL,'Wiraswasta',NULL,'Suami',NULL,NULL,'1',NULL,'2018-02-13 05:19:29'),
(35,'8',NULL,'Eka Dewi Saptiana Aprianti',NULL,'450723600','P','Islam',NULL,'IRT',NULL,'Istri',NULL,NULL,'',NULL,'2018-02-13 05:19:56'),
(36,'8',NULL,'Janeeta Khairunnisa',NULL,'1278435600','P','Islam',NULL,'PELAJAR/MAHASISWA',NULL,'Anak',NULL,NULL,'',NULL,'2018-02-13 05:21:45'),
(37,'9',NULL,'Agus Setiawan',NULL,'587926800',NULL,NULL,NULL,NULL,NULL,NULL,NULL,NULL,'1',NULL,'2018-02-13 16:23:58'),
(38,'9',NULL,'Nuraini Mitasari',NULL,'491936400','P',NULL,NULL,NULL,NULL,NULL,NULL,NULL,'',NULL,'2018-04-27 03:40:00'),
(39,'9',NULL,'Dikha Setiawan',NULL,'1355418000',NULL,NULL,NULL,NULL,NULL,NULL,NULL,NULL,'',NULL,NULL),
(40,'10',NULL,'Agus Suhaemi',NULL,'239994000','L','Islam',NULL,'Karyawan Swasta',NULL,'Suami',NULL,NULL,'1',NULL,'2018-02-09 12:01:40'),
(41,'10',NULL,'Suaminah',NULL,'411238800','P','Islam',NULL,'IRT',NULL,'Istri',NULL,NULL,'',NULL,'2018-02-09 12:02:03'),
(42,'10',NULL,'Muhammad Alif Fatahillah',NULL,'1078506000','L','Islam',NULL,'PELAJAR/MAHASISWA',NULL,'Anak',NULL,NULL,'',NULL,'2018-02-09 12:02:33'),
(43,'10',NULL,'Nur Sayfullah',NULL,'1181408400','L','Islam',NULL,'PELAJAR/MAHASISWA',NULL,'Anak',NULL,NULL,'',NULL,'2018-02-09 12:03:00'),
(44,'11',NULL,'Ahmad Fadly',NULL,'303584400',NULL,NULL,NULL,NULL,NULL,NULL,NULL,NULL,'1',NULL,'2018-02-13 16:24:12'),
(45,'11',NULL,'Eva Yuliana',NULL,'348771600',NULL,NULL,NULL,NULL,NULL,NULL,NULL,NULL,'',NULL,NULL),
(46,'11',NULL,'M. Armand Al-Fariz',NULL,'1182099600',NULL,NULL,NULL,NULL,NULL,NULL,NULL,NULL,'',NULL,NULL),
(47,'12',NULL,'Ahmad Mas\'ud',NULL,'-282641400',NULL,NULL,NULL,NULL,NULL,NULL,NULL,NULL,'1',NULL,'2018-02-13 16:34:36'),
(48,'12',NULL,'Marriyatul Qistiyah',NULL,'591901200',NULL,NULL,NULL,NULL,NULL,NULL,NULL,NULL,'',NULL,NULL),
(49,'12',NULL,'Niza Puspita Sari',NULL,'983034000',NULL,NULL,NULL,NULL,NULL,NULL,NULL,NULL,'',NULL,NULL),
(50,'12',NULL,'Ruwaida',NULL,'1123434000',NULL,NULL,NULL,NULL,NULL,NULL,NULL,NULL,'',NULL,NULL),
(51,'13',NULL,'Ahmad Sopan Sopian',NULL,'399747600','L','Islam',NULL,'Wiraswasta',NULL,'Suami',NULL,NULL,'1',NULL,'2018-02-13 08:24:05'),
(52,'13',NULL,'Dian Nuryanti',NULL,'512931600','P','Islam',NULL,'IRT',NULL,'Istri',NULL,NULL,'',NULL,'2018-02-13 08:24:35'),
(53,'13',NULL,'Muhamad Fazri',NULL,'1268931600','L','Islam',NULL,NULL,NULL,'Anak',NULL,NULL,'',NULL,'2018-02-13 08:25:02'),
(54,'14',NULL,'Ahmad Taufik',NULL,'268246800','L','Islam',NULL,'Wiraswasta',NULL,'Suami',NULL,NULL,'1',NULL,'2018-02-09 21:41:32'),
(55,'14',NULL,'Hartati',NULL,'286736400','P','Islam',NULL,'Pedagang',NULL,'Istri',NULL,NULL,'',NULL,'2018-02-09 21:42:16'),
(56,'14',NULL,'Ahmadi',NULL,'971370000','L','Islam',NULL,'PELAJAR/MAHASISWA',NULL,'Anak',NULL,NULL,'',NULL,'2018-02-09 21:42:45'),
(57,'14',NULL,'Intan Dwi Amura',NULL,'1133974800','P','Islam',NULL,'PELAJAR/MAHASISWA',NULL,'Anak',NULL,NULL,'',NULL,'2018-02-09 21:42:59'),
(58,'14',NULL,'Andini Tri Mulyani',NULL,'1264352400','P','Islam',NULL,'PELAJAR/MAHASISWA',NULL,'Anak',NULL,NULL,'',NULL,'2018-02-09 21:43:19'),
(59,'15',NULL,'Ajib',NULL,'481309200','L','Islam',NULL,'Karyawan Swasta',NULL,'Suami',NULL,NULL,'1',NULL,'2018-02-09 12:13:52'),
(60,'15',NULL,'Siti Hafidoh',NULL,'514832400','P','Islam',NULL,'Karyawan Honorer',NULL,'Istri',NULL,NULL,'',NULL,'2018-04-27 03:28:29'),
(61,'15',NULL,'Muhammad Azmi',NULL,'1342458000','L','Islam',NULL,'PELAJAR/MAHASISWA',NULL,'Anak',NULL,NULL,'',NULL,'2018-02-09 12:15:19'),
(62,'16',NULL,'Ali Umar',NULL,'-487409400','L','Islam',NULL,'Karyawan Swasta',NULL,'Suami',NULL,NULL,'1',NULL,'2018-02-09 11:59:00'),
(63,'16',NULL,'Nurhayati',NULL,'-196155000','P','Islam',NULL,'IRT',NULL,'Istri',NULL,NULL,'',NULL,'2018-02-09 11:59:26'),
(64,'16',NULL,'Juliet Anggara',NULL,'537901200','L','Islam',NULL,'PELAJAR/MAHASISWA',NULL,'Anak',NULL,NULL,'',NULL,'2018-02-09 12:00:02'),
(65,'16','Pindah KK','Fadri Yanto',NULL,'635187600','L','Islam',NULL,'PELAJAR/MAHASISWA',NULL,'Anak',NULL,NULL,'',NULL,'2018-05-03 01:19:01'),
(66,'17',NULL,'Ali Usman',NULL,'215715600','L','Islam',NULL,'Wiraswasta',NULL,'Suami',NULL,NULL,'1',NULL,'2018-02-13 05:05:25'),
(67,'17',NULL,'Nurkhayati',NULL,'214160400','P','Islam',NULL,'IRT',NULL,'Istri',NULL,NULL,'',NULL,'2018-02-13 05:05:52'),
(68,'17',NULL,'Ikhsanul Usman',NULL,'1145293200','L','Islam',NULL,'PELAJAR/MAHASISWA',NULL,'Anak',NULL,NULL,'',NULL,'2018-02-13 05:06:53'),
(69,'17',NULL,'Hafizul Usman',NULL,'1270400400','P','Islam',NULL,'PELAJAR/MAHASISWA',NULL,'Anak',NULL,NULL,'',NULL,'2018-02-13 05:07:40'),
(70,'18',NULL,'Amran',NULL,'-34239600','L',NULL,NULL,NULL,NULL,'Suami',NULL,NULL,'1',NULL,'2018-02-13 16:35:01'),
(71,'18',NULL,'Murti',NULL,'-48668400',NULL,NULL,NULL,NULL,NULL,NULL,NULL,NULL,'',NULL,NULL),
(72,'18',NULL,'Wahyu Angita',NULL,'1082134800',NULL,NULL,NULL,NULL,NULL,NULL,NULL,NULL,'',NULL,NULL),
(73,'18',NULL,'Niken Amelia',NULL,'1113152400',NULL,NULL,NULL,NULL,NULL,NULL,NULL,NULL,'',NULL,NULL),
(74,'18',NULL,'Citra Ramadani',NULL,'1191862800',NULL,NULL,NULL,NULL,NULL,NULL,NULL,NULL,'',NULL,NULL),
(75,'19',NULL,'Andi Sugiarto',NULL,'170874000','L','Islam',NULL,'Wiraswasta',NULL,'Suami',NULL,NULL,'1',NULL,'2018-02-13 03:10:19'),
(76,'19',NULL,'Hamidah',NULL,'243277200','P','Islam',NULL,'Guru',NULL,'Istri',NULL,NULL,'',NULL,'2018-02-13 13:04:44'),
(77,'19',NULL,'Muhammad Fairuz Nursyahid Ramadhan',NULL,'1220461200','L','Islam',NULL,'PELAJAR/MAHASISWA',NULL,'Anak',NULL,NULL,'',NULL,'2018-02-13 03:11:13'),
(78,'20',NULL,'Ari Wibowo',NULL,'542998800',NULL,NULL,NULL,NULL,NULL,NULL,NULL,NULL,'1',NULL,'2018-02-13 15:58:34'),
(79,'20',NULL,'Suwarti',NULL,'535482000',NULL,NULL,NULL,NULL,NULL,NULL,NULL,NULL,'',NULL,NULL),
(80,'20',NULL,'Riska Ananda Susilowati',NULL,'1141146000',NULL,NULL,NULL,NULL,NULL,NULL,NULL,NULL,'',NULL,NULL),
(81,'20',NULL,'Gladis Oktaviana Arianti',NULL,'1255021200',NULL,NULL,NULL,NULL,NULL,NULL,NULL,NULL,'',NULL,NULL),
(82,'20',NULL,'Aqilla Wahu Putri Listiowati',NULL,'1042477200',NULL,NULL,NULL,NULL,NULL,NULL,NULL,NULL,'',NULL,NULL),
(83,'21',NULL,'Arifin',NULL,'166899600','L','Islam',NULL,'Wiraswasta',NULL,'Suami',NULL,NULL,'1',NULL,'2018-02-09 21:25:50'),
(84,'21',NULL,'Nurul Hidayati',NULL,'-274951800','P','Islam',NULL,'IRT',NULL,'Istri',NULL,NULL,'',NULL,'2018-02-09 21:25:43'),
(85,'21',NULL,'Rangga Arnur',NULL,'1020186000','L','Islam',NULL,'PELAJAR/MAHASISWA',NULL,'Anak',NULL,NULL,'',NULL,'2018-02-09 21:26:14'),
(86,'22',NULL,'Asep Arif Rahman',NULL,'523126800','P','Islam',NULL,'Karyawan Swasta',NULL,'Suami',NULL,NULL,'1',NULL,'2018-02-13 03:45:57'),
(87,'22',NULL,'Reni Anggraini',NULL,'477766800','P','Islam',NULL,'IRT',NULL,'Istri',NULL,NULL,'',NULL,'2018-02-13 03:46:47'),
(88,'22',NULL,'Zahra Kamilia Rahman',NULL,'1334682000','P','Islam',NULL,NULL,NULL,'Anak',NULL,NULL,'',NULL,'2018-02-13 03:47:05'),
(89,'22',NULL,'Zafirah Aulia Rahman',NULL,'1399654800','P','Islam',NULL,NULL,NULL,'Anak',NULL,NULL,'',NULL,'2018-02-13 03:47:24'),
(90,'23',NULL,'Asep Suherman',NULL,'92682000',NULL,NULL,NULL,NULL,NULL,NULL,NULL,NULL,'1',NULL,'2018-02-13 15:58:50'),
(91,'23',NULL,'Eny Sugiatni',NULL,'285354000',NULL,NULL,NULL,NULL,NULL,NULL,NULL,NULL,'',NULL,NULL),
(92,'23',NULL,'Mutia Uli Nuha',NULL,'787510800',NULL,NULL,NULL,NULL,NULL,NULL,NULL,NULL,'',NULL,NULL),
(93,'24',NULL,'Azwar ST. Mansyur',NULL,'-293873400','L','Islam',NULL,'Karyawan Swasta',NULL,'Suami',NULL,NULL,'1',NULL,'2018-02-09 12:04:47'),
(94,'24','alm','Heriati',NULL,'-385889400','P','Islam',NULL,'IRT',NULL,'Istri',NULL,NULL,'',NULL,'2018-05-02 21:58:41'),
(95,'24',NULL,'Yulfi Cahyadi',NULL,'415126800',NULL,NULL,NULL,NULL,NULL,NULL,NULL,NULL,'',NULL,'2018-05-02 21:59:15'),
(96,'24','Pisah KK','Rina Amelia',NULL,'514054800',NULL,NULL,NULL,NULL,NULL,NULL,NULL,NULL,'',NULL,'2018-02-13 14:59:01'),
(97,'25',NULL,'Bastari',NULL,'-51692400','L','Islam',NULL,'Karyawan BUMN',NULL,'Suami',NULL,NULL,'1',NULL,'2018-02-13 08:14:13'),
(98,'25',NULL,'Indah Kurniawati',NULL,'502045200','P','Islam',NULL,'PNS',NULL,'Istri',NULL,NULL,'',NULL,'2018-02-13 08:14:43'),
(99,'25',NULL,'Abdul Karim Ramadhan',NULL,'1307552400','L','Islam',NULL,'PELAJAR/MAHASISWA',NULL,'Anak',NULL,NULL,'',NULL,'2018-02-13 08:15:10'),
(100,'26',NULL,'Burhan A. Rahman',NULL,'-158655600',NULL,NULL,NULL,NULL,NULL,NULL,NULL,NULL,'1',NULL,'2018-02-13 15:59:09'),
(101,'26',NULL,'Sufianingsih',NULL,'75747600',NULL,NULL,NULL,NULL,NULL,NULL,NULL,NULL,'',NULL,NULL),
(102,'26',NULL,'Salsabila',NULL,'1150736400',NULL,NULL,NULL,NULL,NULL,NULL,NULL,NULL,'',NULL,NULL),
(103,'27',NULL,'Cece',NULL,'-146732400','L','Islam',NULL,'Wiraswasta',NULL,'Suami',NULL,NULL,'1',NULL,'2018-02-13 08:37:33'),
(104,'27',NULL,'Tuti Hendrawati',NULL,'-86511600','P','Islam',NULL,'IRT',NULL,'Istri',NULL,NULL,'',NULL,'2018-02-13 08:35:44'),
(105,'27',NULL,'Desi Ratna Purnama Sari',NULL,'629658000','P','Islam',NULL,'PELAJAR/MAHASISWA',NULL,'Anak',NULL,NULL,'',NULL,'2018-02-13 08:36:46'),
(106,'27',NULL,'Novianti',NULL,'753728400','P','Islam',NULL,'Karyawan Swasta',NULL,'Anak',NULL,NULL,'',NULL,'2018-02-13 08:37:08'),
(107,'27',NULL,'Devi Herawati',NULL,'978541200','P','Islam',NULL,'PELAJAR/MAHASISWA',NULL,'Anak',NULL,NULL,'',NULL,'2018-02-13 08:37:23'),
(108,'28',NULL,'Damsik',NULL,'-172825200','L','Islam',NULL,'Buruh Lepas Harian',NULL,'Suami',NULL,NULL,'1',NULL,'2018-02-13 08:06:17'),
(109,'28',NULL,'Masaliyah',NULL,'5158800','P','Islam',NULL,'IRT',NULL,'Istri',NULL,NULL,'',NULL,'2018-02-13 08:06:39'),
(110,'28',NULL,'Dimas Arianto',NULL,'601318800','L','Islam',NULL,NULL,NULL,'Anak',NULL,NULL,'',NULL,'2018-02-13 08:06:56'),
(111,'28',NULL,'Dina Maryanti',NULL,'715453200','P','Islam',NULL,NULL,NULL,'Anak',NULL,NULL,'',NULL,'2018-02-13 08:07:35'),
(112,'28','gak tau','Ikka Leviani',NULL,'778438800',NULL,NULL,NULL,NULL,NULL,NULL,NULL,NULL,'',NULL,'2018-02-13 08:07:55'),
(113,'29',NULL,'Daniel Limbong Sihole',NULL,'-606555000',NULL,NULL,NULL,NULL,NULL,NULL,NULL,NULL,'1',NULL,'2018-02-13 15:50:42'),
(114,'29',NULL,'Elizabeth Simarta',NULL,'-170492400',NULL,NULL,NULL,NULL,NULL,NULL,NULL,NULL,'',NULL,NULL),
(115,'29',NULL,'Ricky Limbong Sihole',NULL,'567363600',NULL,NULL,NULL,NULL,NULL,NULL,NULL,NULL,'',NULL,NULL),
(116,'29',NULL,'Felix Ganda Saputra Limbong Sihole',NULL,'578250000',NULL,NULL,NULL,NULL,NULL,NULL,NULL,NULL,'',NULL,NULL),
(117,'29',NULL,'Perawati Limbong Sihole',NULL,'720896400',NULL,NULL,NULL,NULL,NULL,NULL,NULL,NULL,'',NULL,NULL),
(118,'29',NULL,'Asep Limbong Sihole',NULL,'796410000',NULL,NULL,NULL,NULL,NULL,NULL,NULL,NULL,'',NULL,NULL),
(119,'29',NULL,'Dumaria Limbong Sihole',NULL,'974480400',NULL,NULL,NULL,NULL,NULL,NULL,NULL,NULL,'',NULL,NULL),
(120,'30',NULL,'Dasim Sanjaya',NULL,'439232400','L','Islam',NULL,'Karyawan Swasta',NULL,'Suami',NULL,NULL,'1',NULL,'2018-02-13 04:30:58'),
(121,'30',NULL,'Jumiati',NULL,'410893200','P','Islam',NULL,'Karyawan Swasta',NULL,'Istri',NULL,NULL,'',NULL,'2018-02-13 04:31:23'),
(122,'30',NULL,'Rizkiya Vanya Adesa',NULL,'1398531600','P','Islam',NULL,NULL,NULL,'Anak',NULL,NULL,'',NULL,'2018-02-13 04:31:56'),
(123,'31',NULL,'Dede Sukmawan',NULL,'387565200','L',NULL,NULL,NULL,NULL,NULL,NULL,NULL,'',NULL,NULL),
(124,'31',NULL,'Elin Marlina',NULL,'-2209186800',NULL,NULL,NULL,NULL,NULL,NULL,NULL,NULL,'',NULL,NULL),
(125,'32',NULL,'Deden Mardani',NULL,'620154000',NULL,NULL,NULL,NULL,NULL,NULL,NULL,NULL,'',NULL,NULL),
(126,'32',NULL,'Siti Nurhidayah',NULL,'497725200',NULL,NULL,NULL,NULL,NULL,NULL,NULL,NULL,'',NULL,NULL),
(127,'33',NULL,'Dedi Sofyan',NULL,'456512400','L','Islam',NULL,'Buruh Lepas Harian',NULL,'Suami',NULL,NULL,'1',NULL,'2018-02-09 21:35:49'),
(128,'33',NULL,'Asiah Nurlaila',NULL,'605811600','P','Islam',NULL,'IRT',NULL,'Istri',NULL,NULL,'',NULL,'2018-02-09 21:36:34'),
(129,'33',NULL,'Fanes Nuraini',NULL,'1292864400','P','Islam',NULL,NULL,NULL,'Anak',NULL,NULL,'',NULL,'2018-02-09 21:39:09'),
(130,'33',NULL,'Tiara Dwi Putri',NULL,'1338138000','P','Islam',NULL,NULL,NULL,'Anak',NULL,NULL,'',NULL,'2018-02-09 21:39:25'),
(131,'34',NULL,'Dian Agus Wiyanto',NULL,'481050000','L','Islam',NULL,'Wiraswasta',NULL,NULL,NULL,NULL,'1',NULL,'2018-02-13 12:16:34'),
(132,'34',NULL,'Ravy Juli Wiyanto',NULL,'804704400','L','Islam',NULL,'PELAJAR/MAHASISWA',NULL,'Famili Lain',NULL,NULL,'',NULL,'2018-02-13 12:17:09'),
(133,'34',NULL,'Ricky Septiawan',NULL,'834944400','L','Islam',NULL,'PELAJAR/MAHASISWA',NULL,'Famili Lain',NULL,NULL,'',NULL,'2018-02-13 12:18:51'),
(134,'34',NULL,'Dicky Zulkarbaen',NULL,'964630800','L','Islam',NULL,'PELAJAR/MAHASISWA',NULL,'Famili Lain',NULL,NULL,'',NULL,'2018-02-13 12:19:00'),
(135,'35',NULL,'Dudi Djuandi',NULL,'-631958400','L','Islam',NULL,'Pensiunan',NULL,'Suami',NULL,NULL,'1',NULL,'2018-02-13 03:15:57'),
(136,'35',NULL,'Futuhiyat',NULL,'-625046400','P','Islam',NULL,'Pensiunan',NULL,'Istri',NULL,NULL,'',NULL,'2018-02-13 03:13:22'),
(137,'35','gak tau','Mila Candrayani',NULL,'157136400',NULL,NULL,NULL,NULL,NULL,NULL,NULL,NULL,'',NULL,'2018-02-13 03:13:49'),
(138,'35',NULL,'Lyna Layina',NULL,'228762000','P','Islam',NULL,'Karyawan Swasta',NULL,'Anak',NULL,NULL,'',NULL,'2018-02-13 03:14:12'),
(139,'35','Gak tau','Lisa faryani',NULL,'284576400',NULL,NULL,NULL,NULL,NULL,NULL,NULL,NULL,'',NULL,'2018-02-13 03:14:35'),
(140,'35',NULL,'Dian Octoria',NULL,'341514000','P','Islam',NULL,NULL,NULL,'Anak',NULL,NULL,'',NULL,'2018-02-13 03:15:02'),
(141,'35','Pisah KK','Rizky Zumblath',NULL,'400698000','P','Islam',NULL,'Wiraswasta',NULL,'Anak',NULL,NULL,'',NULL,'2018-02-13 03:53:04'),
(142,'36',NULL,'Dwi Wahyu Indra Kurniawan',NULL,'143658000','L','Islam',NULL,'Wiraswasta',NULL,'Suami',NULL,NULL,'1',NULL,'2018-02-13 15:54:51'),
(143,'36',NULL,'Sumiyati',NULL,'323629200','P','Islam',NULL,'IRT',NULL,'Istri',NULL,NULL,'',NULL,'2018-02-09 11:51:42'),
(144,'36',NULL,'Aisyah Rahmadhani',NULL,'1190307600','P','Islam',NULL,NULL,NULL,'Anak',NULL,NULL,'',NULL,'2018-02-09 11:52:47'),
(145,'36',NULL,'Muhammad Al Fajri',NULL,'1301763600','P','Islam',NULL,NULL,NULL,'Anak',NULL,NULL,'',NULL,'2018-02-09 11:53:46'),
(146,'37',NULL,'Edi Suhedi',NULL,'257101200','L','Islam',NULL,'Wiraswasta',NULL,'Suami',NULL,NULL,'1',NULL,'2018-02-13 03:33:53'),
(147,'37','gak tau','Nur Asiah',NULL,'446749200',NULL,NULL,NULL,NULL,NULL,NULL,NULL,NULL,'',NULL,'2018-02-13 15:22:41'),
(148,'37',NULL,'Widya Azzahro',NULL,'1025888400','P','Islam',NULL,NULL,NULL,'Anak',NULL,NULL,'',NULL,'2018-02-13 03:31:53'),
(149,'37','gak tau','Jamaludin Pratama',NULL,'1027270800',NULL,NULL,NULL,NULL,NULL,NULL,NULL,NULL,'',NULL,'2018-02-13 03:32:08'),
(150,'37','gak tau','Ilham Dwi Ramadhan',NULL,'1100019600',NULL,NULL,NULL,NULL,NULL,NULL,NULL,NULL,'',NULL,'2018-02-13 03:32:24'),
(151,'37','gak tau','Abbdullah Putteh',NULL,'1353690000',NULL,NULL,NULL,NULL,NULL,NULL,NULL,NULL,'',NULL,'2018-02-13 03:32:55'),
(152,'38',NULL,'Efendi',NULL,'171565200',NULL,NULL,NULL,NULL,NULL,NULL,NULL,NULL,'1',NULL,'2018-02-13 15:55:10'),
(153,'38',NULL,'Ervita Sari',NULL,'656442000',NULL,NULL,NULL,NULL,NULL,NULL,NULL,NULL,'',NULL,NULL),
(154,'38',NULL,'Narra Vamela Sari',NULL,'1143997200',NULL,NULL,NULL,NULL,NULL,NULL,NULL,NULL,'',NULL,NULL),
(155,'39',NULL,'Emaniah',NULL,'-675763200','P',NULL,NULL,NULL,NULL,NULL,NULL,NULL,'1',NULL,'2018-04-27 03:38:19'),
(156,'39',NULL,'Ana Karnina',NULL,'465411600',NULL,NULL,NULL,NULL,NULL,NULL,NULL,NULL,'',NULL,NULL),
(157,'39',NULL,'Hartanto',NULL,'372790800','L',NULL,NULL,NULL,NULL,NULL,NULL,NULL,'',NULL,'2018-04-27 03:38:53'),
(158,'39','Pisah KK','Juheni',NULL,'426963600',NULL,NULL,NULL,NULL,NULL,NULL,NULL,NULL,'',NULL,'2018-02-13 08:41:13'),
(159,'40',NULL,'Endang Syarifudin',NULL,'-694510200','L','Islam',NULL,'Sopir',NULL,'Suami',NULL,NULL,'1',NULL,'2018-02-09 12:18:25'),
(160,'40',NULL,'Tuti Alawyah',NULL,'-331025400','P','Islam',NULL,'IRT',NULL,'Istri',NULL,NULL,'',NULL,'2018-02-09 12:18:50'),
(161,'40','Pisah KK','Herni Noor Oktaviani',NULL,'-228812400',NULL,NULL,NULL,NULL,NULL,NULL,NULL,NULL,'',NULL,'2018-02-13 15:09:04'),
(162,'40','Tidak tau','Hendra Hermawan',NULL,'563302800',NULL,NULL,NULL,NULL,NULL,NULL,NULL,NULL,'',NULL,'2018-02-09 12:19:24'),
(163,'41',NULL,'Eri Mulyani',NULL,'590518800',NULL,NULL,NULL,NULL,NULL,NULL,NULL,NULL,'1',NULL,'2018-02-13 15:56:41'),
(164,'42',NULL,'Fadillah',NULL,'220640400','L','Islam',NULL,'PNS',NULL,'Suami',NULL,NULL,'',NULL,'2018-02-09 12:27:42'),
(165,'42',NULL,'Farah Safitri',NULL,'198954000','P','Islam',NULL,'IRT',NULL,'Istri',NULL,NULL,'',NULL,'2018-02-09 12:28:14'),
(166,'42',NULL,'Fatihah Nabila Fasa',NULL,'1127322000','P','Islam',NULL,'PELAJAR/MAHASISWA',NULL,'Anak',NULL,NULL,'',NULL,'2018-02-09 12:28:32'),
(167,'42',NULL,'Khalil Badra Fasa',NULL,'1254070800','L','Islam',NULL,'PELAJAR/MAHASISWA',NULL,'Anak',NULL,NULL,'',NULL,'2018-02-09 12:29:02'),
(168,'43',NULL,'Fahmi Yudi Fadillah',NULL,'295635600','L','Islam',NULL,'Karyawan Swasta',NULL,'Suami',NULL,NULL,'1',NULL,'2018-02-13 08:01:38'),
(169,'43',NULL,'Yulia Mustikasari',NULL,'395254800','P','Islam',NULL,'Karyawan Swasta',NULL,'Istri',NULL,NULL,'',NULL,'2018-02-13 07:58:50'),
(170,'43',NULL,'Farah Aprilia Fadillah',NULL,'1207328400','P','Islam',NULL,'PELAJAR/MAHASISWA',NULL,'Anak',NULL,NULL,'',NULL,'2018-02-13 07:59:34'),
(171,'43',NULL,'Fairuz Dwi Yanuar Fadillah',NULL,'1294506000','P','Islam',NULL,'PELAJAR/MAHASISWA',NULL,'Anak',NULL,NULL,'',NULL,'2018-02-13 08:00:14'),
(172,'44',NULL,'Feny Daryani',NULL,'402598800','P','Islam',NULL,'IRT',NULL,'Istri',NULL,NULL,'1',NULL,'2018-02-09 21:50:40'),
(173,'44',NULL,'Satria Daniel Maulana',NULL,'1114621200','L','Islam',NULL,'PELAJAR/MAHASISWA',NULL,'Anak',NULL,NULL,'',NULL,'2018-02-09 21:52:51'),
(174,'44',NULL,'Ferdy Dwi Andika',NULL,'1147798800','L','Islam',NULL,'PELAJAR/MAHASISWA',NULL,'Anak',NULL,NULL,'',NULL,'2018-02-09 21:53:53'),
(175,'45',NULL,'Fero',NULL,'334515600',NULL,NULL,NULL,NULL,NULL,NULL,NULL,NULL,'1',NULL,'2018-02-13 15:59:35'),
(176,'45',NULL,'Ningsih Asaroh',NULL,'352832400',NULL,NULL,NULL,NULL,NULL,NULL,NULL,NULL,'',NULL,NULL),
(177,'45',NULL,'Feronika Amelia Rizqi',NULL,'1064941200',NULL,NULL,NULL,NULL,NULL,NULL,NULL,NULL,'',NULL,NULL),
(178,'45',NULL,'Al Rull Falen',NULL,'1240592400',NULL,NULL,NULL,NULL,NULL,NULL,NULL,NULL,'',NULL,NULL),
(179,'45',NULL,'Putri Aikrusita',NULL,'1284397200',NULL,NULL,NULL,NULL,NULL,NULL,NULL,NULL,'',NULL,NULL),
(180,'45',NULL,'Imas Sulastri',NULL,'1416675600',NULL,NULL,NULL,NULL,NULL,NULL,NULL,NULL,'',NULL,NULL),
(181,'46',NULL,'Firmansyah',NULL,'38509200','L','Islam',NULL,'Wiraswasta',NULL,'Suami',NULL,NULL,'1',NULL,'2018-02-10 04:32:51'),
(182,'46',NULL,'Eli Sugiarti',NULL,'248634000','P','Islam',NULL,'IRT',NULL,'Istri',NULL,NULL,'',NULL,'2018-02-10 04:26:30'),
(183,'46',NULL,'Muhamad Novan Elfira',NULL,'784573200','L','Islam',NULL,'PELAJAR/MAHASISWA',NULL,'Anak',NULL,NULL,'',NULL,'2018-02-10 04:27:35'),
(184,'46',NULL,'Deni Apriyansyah',NULL,'892486800','L','Islam',NULL,'PELAJAR/MAHASISWA',NULL,'Anak',NULL,NULL,'',NULL,'2018-02-10 04:29:22'),
(185,'46',NULL,'Muhamad Akbar',NULL,'1071421200','L','Islam',NULL,'PELAJAR/MAHASISWA',NULL,'Anak',NULL,NULL,'',NULL,'2018-02-10 04:28:58'),
(186,'47',NULL,'Firman Pribadi Fauzi',NULL,'486579600',NULL,NULL,NULL,NULL,NULL,NULL,NULL,NULL,'1',NULL,'2018-02-13 15:59:59'),
(187,'47',NULL,'Dinda Nadzia',NULL,'534790800',NULL,NULL,NULL,NULL,NULL,NULL,NULL,NULL,'',NULL,NULL),
(188,'48',NULL,'Gibson',NULL,'-564478200','L',NULL,NULL,NULL,NULL,'Suami',NULL,NULL,'1',NULL,'2018-02-13 16:00:28'),
(189,'48',NULL,'Iis Herawati',NULL,'-27241200',NULL,NULL,NULL,NULL,NULL,NULL,NULL,NULL,'',NULL,NULL),
(190,'48',NULL,'Gracia Agustina',NULL,'839955600',NULL,NULL,NULL,NULL,NULL,NULL,NULL,NULL,'',NULL,NULL),
(191,'48',NULL,'Alan Sky',NULL,'1243270800',NULL,NULL,NULL,NULL,NULL,NULL,NULL,NULL,'',NULL,NULL),
(192,'49',NULL,'Gunada',NULL,'-759137400','P','Islam',NULL,'IRT',NULL,'Istri',NULL,NULL,'1',NULL,'2018-02-13 04:20:29'),
(193,'49',NULL,'Maryanto',NULL,'171219600','L','Islam',NULL,'Wiraswasta',NULL,'Anak',NULL,NULL,'',NULL,'2018-02-13 04:20:57'),
(194,'50','alm','Hamsin',NULL,'-487407600',NULL,NULL,NULL,NULL,NULL,NULL,NULL,NULL,'',NULL,'2018-02-13 03:00:51'),
(195,'50',NULL,'Salomah',NULL,'-327483000','P','Islam',NULL,'IRT',NULL,'Istri',NULL,NULL,'1',NULL,'2018-02-13 03:01:19'),
(196,'50','tidak tau','Siti Hafidoh',NULL,'514832400',NULL,NULL,NULL,NULL,NULL,NULL,NULL,NULL,'',NULL,'2018-02-13 03:03:15'),
(197,'50','tidak tau','Siti Hamjiah',NULL,'583261200',NULL,NULL,NULL,NULL,NULL,NULL,NULL,NULL,'',NULL,'2018-02-13 03:02:56'),
(198,'50',NULL,'Rizky Saputra Hidayat',NULL,'639075600','L','Islam',NULL,'Karyawan Swasta',NULL,'Anak',NULL,NULL,'',NULL,'2018-02-13 03:02:03'),
(199,'50',NULL,'Dewi Kurniasih',NULL,'710182800','P','Islam',NULL,'Karyawan Honorer',NULL,'Anak',NULL,NULL,'',NULL,'2018-02-13 03:02:34'),
(200,'51',NULL,'Hasan Karnadi',NULL,'-334654200','L','Islam',NULL,'Wiraswasta',NULL,'Suami',NULL,NULL,'1',NULL,'2018-02-13 02:44:55'),
(201,'51',NULL,'Sugiarti',NULL,'-355303800','P','Islam',NULL,'IRT',NULL,'Istri',NULL,NULL,'',NULL,'2018-02-09 11:31:40'),
(202,'51','Pisah KK','Soni Santosa',NULL,'420656400',NULL,NULL,NULL,NULL,NULL,NULL,NULL,NULL,'',NULL,'2018-02-13 13:11:46'),
(203,'51',NULL,'Eki Sujana',NULL,'757357200','L','Islam',NULL,'PELAJAR/MAHASISWA',NULL,'Anak',NULL,NULL,'',NULL,'2018-02-09 11:32:41'),
(204,'52',NULL,'Hawasi',NULL,'507142800','L','Islam',NULL,'PNS',NULL,'Suami',NULL,NULL,'1',NULL,'2018-02-13 16:01:45'),
(205,'52',NULL,'Lena Ismayani',NULL,'-77007600','P','Islam',NULL,'IRT',NULL,'Istri',NULL,NULL,'',NULL,'2018-02-13 16:02:05'),
(206,'52',NULL,'Aqila Qaisara',NULL,'1382374800','P','Islam',NULL,NULL,NULL,'Anak',NULL,NULL,'',NULL,'2018-02-13 16:02:18'),
(207,'53',NULL,'Helfi',NULL,'-411463800','L','Islam',NULL,'Wiraswasta',NULL,'Suami',NULL,NULL,'1',NULL,'2018-02-13 08:05:00'),
(208,'53',NULL,'Rosmaida',NULL,'91126800','P','Islam',NULL,'IRT',NULL,'Istri',NULL,NULL,'',NULL,'2018-02-13 08:03:17'),
(209,'53',NULL,'Mutia Maivi',NULL,'777834000','P','Islam',NULL,'Wiraswasta',NULL,'Anak',NULL,NULL,'',NULL,'2018-02-13 08:03:50'),
(210,'53',NULL,'Kenzia Picha Naifi',NULL,'906570000','P','Islam',NULL,'PELAJAR/MAHASISWA',NULL,'Anak',NULL,NULL,'',NULL,'2018-02-13 08:04:11'),
(211,'53',NULL,'Samsidar',NULL,'-775299600','P','Islam',NULL,NULL,NULL,'Mertua',NULL,NULL,'',NULL,'2018-02-13 08:04:32'),
(212,'54',NULL,'Heri Hermawan',NULL,'578941200','L','Islam',NULL,'Buruh Lepas Harian',NULL,'Suami',NULL,NULL,'1',NULL,'2018-02-13 04:16:35'),
(213,'54',NULL,'Tri Lusiani',NULL,'694198800','P','Islam',NULL,'Karyawan Swasta',NULL,'Istri',NULL,NULL,'',NULL,'2018-02-13 04:16:57'),
(214,'54',NULL,'Sabiq El Fathin Hermawan',NULL,'1433696400','L','Islam',NULL,NULL,NULL,'Anak',NULL,NULL,'',NULL,'2018-02-13 04:16:03'),
(215,'55',NULL,'Heri Supriyanto',NULL,'-201166200',NULL,NULL,NULL,NULL,NULL,NULL,NULL,NULL,'1',NULL,'2018-02-13 16:40:50'),
(216,'55',NULL,'Minarsih',NULL,'272048400',NULL,NULL,NULL,NULL,NULL,NULL,NULL,NULL,'',NULL,NULL),
(217,'55',NULL,'Juwita Putri Megasari',NULL,'866653200',NULL,NULL,NULL,NULL,NULL,NULL,NULL,NULL,'',NULL,NULL),
(218,'55',NULL,'Noval Ardiyansyah',NULL,'1069952400',NULL,NULL,NULL,NULL,NULL,NULL,NULL,NULL,'',NULL,NULL),
(219,'55',NULL,'Oki Irvando',NULL,'1161277200',NULL,NULL,NULL,NULL,NULL,NULL,NULL,NULL,'',NULL,NULL),
(220,'55',NULL,'Dimas Cahyo Saputro',NULL,'1256835600',NULL,NULL,NULL,NULL,NULL,NULL,NULL,NULL,'',NULL,NULL),
(221,'55',NULL,'Chantika Shinta Sari',NULL,'1321290000',NULL,NULL,NULL,NULL,NULL,NULL,NULL,NULL,'',NULL,NULL),
(222,'55',NULL,'Mohamad Ridho',NULL,'1353171600',NULL,NULL,NULL,NULL,NULL,NULL,NULL,NULL,'',NULL,NULL),
(223,'57',NULL,'Herman Subagio',NULL,'-418203000','L','Islam',NULL,'Karyawan Swasta',NULL,'Suami',NULL,NULL,'1',NULL,'2018-02-13 03:08:35'),
(224,'57',NULL,'Komariyah',NULL,'-491902200','P','Islam',NULL,'IRT',NULL,'Istri',NULL,NULL,'',NULL,'2018-02-13 03:08:48'),
(225,'58',NULL,'Imanudin',NULL,'578768400',NULL,NULL,NULL,NULL,NULL,NULL,NULL,NULL,'1',NULL,'2018-02-13 16:03:06'),
(226,'58',NULL,'Estri Anggraeni',NULL,'548960400',NULL,NULL,NULL,NULL,NULL,NULL,NULL,NULL,'',NULL,NULL),
(227,'59',NULL,'Imas Siti Hodijah',NULL,'68230800','P','Islam',NULL,'Wiraswasta',NULL,'Istri',NULL,NULL,'1',NULL,'2018-02-09 02:20:48'),
(228,'59','Pisah KK','Didey Octa Rizal',NULL,'720205200','P','Islam',NULL,NULL,NULL,NULL,NULL,NULL,'',NULL,'2018-02-13 13:12:28'),
(229,'59',NULL,'Ridho Radiansyah',NULL,'827168400','L','Islam',NULL,'POLRI',NULL,'Anak',NULL,NULL,'',NULL,'2018-02-09 02:18:37'),
(230,'59',NULL,'Siti Sofiatul Aini',NULL,'1125334800','P','Islam',NULL,'PELAJAR/MAHASISWA',NULL,'Anak',NULL,NULL,'',NULL,'2018-02-09 02:18:48'),
(231,'59','Gak Tau','Asiah',NULL,'791658000',NULL,NULL,NULL,NULL,NULL,NULL,NULL,NULL,'',NULL,'2018-02-09 11:11:01'),
(232,'60',NULL,'Irwan Agusni',NULL,'329245200','L','Islam',NULL,'Buruh Lepas Harian',NULL,'Suami',NULL,NULL,'1',NULL,'2018-02-09 12:23:13'),
(233,'60',NULL,'Nurhasanah',NULL,'544640400','P','Islam',NULL,'IRT',NULL,'Istri',NULL,NULL,'',NULL,'2018-02-09 12:25:01'),
(234,'60',NULL,'Ridha Cahya Apriliani',NULL,'1238950800','P','Islam',NULL,NULL,NULL,'Anak',NULL,NULL,'',NULL,'2018-02-09 12:25:36'),
(235,'61',NULL,'Ishak',NULL,'184006800','L','Islam',NULL,'Wiraswasta',NULL,'Suami',NULL,NULL,'1',NULL,'2018-02-09 21:56:25'),
(236,'61',NULL,'Ida Farida',NULL,'302806800','P','Islam',NULL,'IRT',NULL,'Istri',NULL,NULL,'',NULL,'2018-02-09 21:56:51'),
(237,'61',NULL,'Yuliana Sari',NULL,'992970000','P','Islam',NULL,'PELAJAR/MAHASISWA',NULL,'Anak',NULL,NULL,'',NULL,'2018-02-09 21:57:33'),
(238,'61',NULL,'Muhammad Septianu Pardaisa',NULL,'1316106000','L','Islam',NULL,NULL,NULL,'Anak',NULL,NULL,'',NULL,'2018-02-09 21:58:31'),
(239,'62',NULL,'Jawadi',NULL,'261162000',NULL,NULL,NULL,NULL,NULL,NULL,NULL,NULL,'1',NULL,'2018-02-13 16:03:31'),
(240,'63',NULL,'Karwadi',NULL,'168109200',NULL,NULL,NULL,NULL,NULL,NULL,NULL,NULL,'1',NULL,'2018-02-13 16:04:08'),
(241,'63',NULL,'Junani',NULL,'416077200',NULL,NULL,NULL,NULL,NULL,NULL,NULL,NULL,'',NULL,NULL),
(242,'64',NULL,'Legiman',NULL,'-243329400',NULL,NULL,NULL,NULL,NULL,NULL,NULL,NULL,'1',NULL,'2018-02-13 16:04:23'),
(243,'64',NULL,'Bandiyah',NULL,'-88412400',NULL,NULL,NULL,NULL,NULL,NULL,NULL,NULL,'',NULL,NULL),
(244,'65',NULL,'Lilik Saputro',NULL,'-46076400',NULL,NULL,NULL,NULL,NULL,NULL,NULL,NULL,'1',NULL,'2018-02-13 16:04:48'),
(245,'65',NULL,'Eko Purnomo Sari',NULL,'73587600',NULL,NULL,NULL,NULL,NULL,NULL,NULL,NULL,'',NULL,NULL),
(246,'65',NULL,'Nika Retna Fajar Sari',NULL,'800384400',NULL,NULL,NULL,NULL,NULL,NULL,NULL,NULL,'',NULL,NULL),
(247,'65',NULL,'Muhamad Arief Rahmat',NULL,'1333990800',NULL,NULL,NULL,NULL,NULL,NULL,NULL,NULL,'',NULL,NULL),
(248,'66',NULL,'M. Dung Dung',NULL,'31338000',NULL,NULL,NULL,NULL,NULL,NULL,NULL,NULL,'1',NULL,'2018-02-13 16:05:06'),
(249,'66',NULL,'Ningrom',NULL,'101149200',NULL,NULL,NULL,NULL,NULL,NULL,NULL,NULL,'',NULL,NULL),
(250,'66',NULL,'Usman Saprandi',NULL,'747853200',NULL,NULL,NULL,NULL,NULL,NULL,NULL,NULL,'',NULL,NULL),
(251,'66',NULL,'Dela Lestari',NULL,'1173632400',NULL,NULL,NULL,NULL,NULL,NULL,NULL,NULL,'',NULL,NULL),
(252,'67',NULL,'Mijo',NULL,'-307524600',NULL,NULL,NULL,NULL,NULL,NULL,NULL,NULL,'1',NULL,'2018-02-13 16:05:16'),
(253,'67',NULL,'Fatma Kurnia Sari',NULL,'678733200',NULL,NULL,NULL,NULL,NULL,NULL,NULL,NULL,'',NULL,NULL),
(254,'67',NULL,'Dafa Gibran Wardhana',NULL,'1140541200',NULL,NULL,NULL,NULL,NULL,NULL,NULL,NULL,'',NULL,NULL),
(255,'67',NULL,'Zahrana Nurasyifa',NULL,'1348506000',NULL,NULL,NULL,NULL,NULL,NULL,NULL,NULL,'',NULL,NULL),
(256,'68',NULL,'Mi\'rojudin',NULL,'391712400','L','Islam',NULL,'Wiraswasta',NULL,'Suami',NULL,NULL,'1',NULL,'2018-04-28 00:18:13'),
(257,'68',NULL,'Nasuhah',NULL,'587494800','P','Islam',NULL,'IRT',NULL,'Istri',NULL,NULL,'',NULL,'2018-02-09 21:27:59'),
(258,'68',NULL,'Najwa Maulida Kamila',NULL,'1299603600','P','Islam',NULL,NULL,NULL,'Anak',NULL,NULL,'',NULL,'2018-02-09 21:28:38'),
(259,'69',NULL,'Mohamad Zainal Muttaqin',NULL,'432752400','L','Islam',NULL,'Wiraswasta',NULL,'Suami',NULL,NULL,'1',NULL,'2018-02-13 02:36:21'),
(260,'69',NULL,'Dewi Pratiwi',NULL,'513795600','P','Islam',NULL,'Karyawan Swasta',NULL,'Istri',NULL,NULL,'',NULL,'2018-02-09 22:03:12'),
(261,'69',NULL,'Muhammad Raja Zakilla',NULL,'1253811600','L','Islam',NULL,NULL,NULL,'Anak',NULL,NULL,'',NULL,'2018-02-09 22:03:56'),
(262,'70',NULL,'Mujianto',NULL,'-373275000','L','Islam',NULL,'Karyawan Swasta',NULL,'Suami',NULL,NULL,'1',NULL,'2018-02-09 21:49:11'),
(263,'70',NULL,'Maisaroh',NULL,'-327828600','P','Islam',NULL,'IRT',NULL,'Istri',NULL,NULL,'',NULL,'2018-02-09 21:49:26'),
(264,'71',NULL,'Muliadi',NULL,'220899600','L','Islam',NULL,'TNI',NULL,'Suami',NULL,NULL,'1',NULL,'2018-02-13 04:23:04'),
(265,'71',NULL,'Murnisah',NULL,'275504400','P','Islam',NULL,'IRT',NULL,'Istri',NULL,NULL,'',NULL,'2018-02-13 04:23:31'),
(266,'71',NULL,'Julieta Rizka Andini',NULL,'1090429200','P','Islam',NULL,'PELAJAR/MAHASISWA',NULL,'Anak',NULL,NULL,'',NULL,'2018-02-13 04:24:24'),
(267,'71',NULL,'Muhammad Khoirul Fatihin',NULL,'1250010000','L','Islam',NULL,NULL,NULL,'Anak',NULL,NULL,'',NULL,'2018-02-13 04:24:50'),
(268,'72',NULL,'Mustofa',NULL,'-10566000',NULL,NULL,NULL,NULL,NULL,NULL,NULL,NULL,'1',NULL,'2018-02-13 16:06:10'),
(269,'72',NULL,'Sri Sukmiyat',NULL,'-88671600',NULL,NULL,NULL,NULL,NULL,NULL,NULL,NULL,'',NULL,'2018-04-28 00:46:21'),
(270,'72',NULL,'Adhitya Sri Mustofa',NULL,'743360400',NULL,NULL,NULL,NULL,NULL,NULL,NULL,NULL,'',NULL,NULL),
(271,'72',NULL,'Dwi Nurulitha',NULL,'854557200',NULL,NULL,NULL,NULL,NULL,NULL,NULL,NULL,'',NULL,NULL),
(272,'72',NULL,'Defa Ramadhan',NULL,'1007226000',NULL,NULL,NULL,NULL,NULL,NULL,NULL,NULL,'',NULL,'2018-04-28 00:45:04'),
(273,'72',NULL,'Dinda Agistha',NULL,'1092157200',NULL,NULL,NULL,NULL,NULL,NULL,NULL,NULL,'',NULL,NULL),
(274,'73',NULL,'Nasirin M. Ali',NULL,'-158482800','L','Islam',NULL,'Konstruksi',NULL,'Suami',NULL,NULL,'1',NULL,'2018-02-13 16:06:33'),
(275,'73','Pindah KK','Karijah',NULL,'-18169200',NULL,NULL,NULL,NULL,NULL,NULL,NULL,NULL,'',NULL,'2018-02-13 12:23:31'),
(276,'73','gak tau','Deka Andrian',NULL,'565290000',NULL,NULL,NULL,NULL,NULL,NULL,NULL,NULL,'',NULL,'2018-02-13 03:49:40'),
(277,'73','gak tau','Devika Angreni',NULL,'638298000',NULL,NULL,NULL,NULL,NULL,NULL,NULL,NULL,'',NULL,'2018-02-13 03:49:59'),
(278,'73',NULL,'Rizki Wulandari',NULL,'756406800',NULL,NULL,NULL,NULL,NULL,NULL,NULL,NULL,'',NULL,'2018-05-10 00:00:50'),
(279,'73',NULL,'Yolanda',NULL,'807555600',NULL,NULL,NULL,NULL,NULL,NULL,NULL,NULL,'',NULL,'2018-05-10 00:02:08'),
(280,'73','gak tau','Serli Wahyuni',NULL,'932576400',NULL,NULL,NULL,NULL,NULL,NULL,NULL,NULL,'',NULL,'2018-02-13 03:50:29'),
(281,'73','gak tau','M. Rifki Afriansyah',NULL,'1074877200',NULL,NULL,NULL,NULL,NULL,NULL,NULL,NULL,'',NULL,'2018-02-13 03:50:39'),
(282,'73','gak tau','Candra Purnama',NULL,'1173718800',NULL,NULL,NULL,NULL,NULL,NULL,NULL,NULL,'',NULL,'2018-02-13 03:50:49'),
(283,'74',NULL,'Nur Baeti',NULL,'16822800','P','Islam',NULL,'Wiraswasta',NULL,'Istri',NULL,NULL,'1',NULL,'2018-02-13 03:20:26'),
(284,'74','gak tau','Bahrul Ulum',NULL,'645901200',NULL,NULL,NULL,NULL,NULL,NULL,NULL,NULL,'',NULL,'2018-02-13 03:17:06'),
(285,'74','Pisah KK','Raudhotul Janah',NULL,'696877200',NULL,NULL,NULL,NULL,NULL,NULL,NULL,NULL,'',NULL,'2018-02-13 09:49:57'),
(286,'74',NULL,'Rahmattullah',NULL,'756406800','L','Islam',NULL,NULL,NULL,'Anak',NULL,NULL,'',NULL,'2018-02-13 03:20:50'),
(287,'74',NULL,'Nur Hayati',NULL,'507834000','P','Islam',NULL,NULL,NULL,'Anak',NULL,NULL,'',NULL,'2018-04-27 03:54:16'),
(288,'74','Pisah KK','Heri Losa',NULL,'576608400',NULL,NULL,NULL,NULL,NULL,NULL,NULL,NULL,'',NULL,'2018-02-13 09:56:44'),
(289,'75',NULL,'Paimin',NULL,'90176400',NULL,NULL,NULL,NULL,NULL,NULL,NULL,NULL,'1',NULL,'2018-02-13 16:06:50'),
(290,'75',NULL,'Yulis Afi Ana Wati',NULL,'207248400',NULL,NULL,NULL,NULL,NULL,NULL,NULL,NULL,'',NULL,NULL),
(291,'75',NULL,'Reza Fahlevi',NULL,'813603600',NULL,NULL,NULL,NULL,NULL,NULL,NULL,NULL,'',NULL,NULL),
(292,'75',NULL,'Faiz Ramadhan',NULL,'977245200',NULL,NULL,NULL,NULL,NULL,NULL,NULL,NULL,'',NULL,NULL),
(293,'76',NULL,'Pupung Purnama',NULL,'347648400',NULL,NULL,NULL,NULL,NULL,NULL,NULL,NULL,'1',NULL,'2018-02-13 16:07:02'),
(294,'76',NULL,'Fatma Kurnia Sari',NULL,'678733200',NULL,NULL,NULL,NULL,NULL,NULL,NULL,NULL,'',NULL,NULL),
(295,'76',NULL,'Dafa Gibran Wardhana',NULL,'1140541200',NULL,NULL,NULL,NULL,NULL,NULL,NULL,NULL,'',NULL,NULL),
(296,'76',NULL,'Zahrana Nurasyifa',NULL,'1348506000',NULL,NULL,NULL,NULL,NULL,NULL,NULL,NULL,'',NULL,NULL),
(297,'77',NULL,'Rahmat Hidayat',NULL,'171392400','L','Islam',NULL,'Wiraswasta',NULL,'Suami',NULL,NULL,'1',NULL,'2018-02-09 11:33:56'),
(298,'77',NULL,'Heni Hermawati',NULL,'466966800','P','Islam',NULL,'IRT',NULL,'Istri',NULL,NULL,'',NULL,'2018-02-09 11:34:47'),
(299,'77',NULL,'Hernani Rahmawati',NULL,'1017680400','P','Islam',NULL,'PELAJAR/MAHASISWA',NULL,'Anak',NULL,NULL,'',NULL,'2018-02-09 11:35:43'),
(300,'77',NULL,'Adinda Syafira Rahmawati',NULL,'1206723600','P','Islam',NULL,'PELAJAR/MAHASISWA',NULL,'Anak',NULL,NULL,'',NULL,'2018-02-09 11:37:19'),
(301,'77',NULL,'Arjuna Putra Hidayat',NULL,'1400864400','L','Islam',NULL,NULL,NULL,'Anak',NULL,NULL,'',NULL,'2018-02-09 11:38:37'),
(302,'77',NULL,'Yeti Yosefa',NULL,'-759223800','P','Islam',NULL,NULL,NULL,'Mertua',NULL,NULL,'',NULL,'2018-02-09 11:40:46'),
(303,'78',NULL,'Rahmat Panca Sugiono',NULL,'580064400',NULL,NULL,NULL,NULL,NULL,NULL,NULL,NULL,'1',NULL,'2018-02-13 16:08:12'),
(304,'78',NULL,'Kalfrice',NULL,'419706000',NULL,NULL,NULL,NULL,NULL,NULL,NULL,NULL,'',NULL,NULL),
(305,'78',NULL,'Muhammad Faisal Faiz',NULL,'1262538000',NULL,NULL,NULL,NULL,NULL,NULL,NULL,NULL,'',NULL,NULL),
(306,'79',NULL,'Riswandi',NULL,'705171600',NULL,NULL,NULL,NULL,NULL,NULL,NULL,NULL,'1',NULL,'2018-02-13 16:08:20'),
(307,'79',NULL,'Carlina ',NULL,'750186000',NULL,NULL,NULL,NULL,NULL,NULL,NULL,NULL,'',NULL,NULL),
(308,'79',NULL,'Aminah',NULL,'1397840400',NULL,NULL,NULL,NULL,NULL,NULL,NULL,NULL,'',NULL,NULL),
(309,'80',NULL,'Rochman',NULL,'-144572400','L','Islam',NULL,'Buruh Lepas Harian',NULL,'Suami',NULL,NULL,'1',NULL,'2018-02-13 06:23:54'),
(310,'80',NULL,'Maskamah',NULL,'179254800','P','Islam',NULL,'IRT',NULL,'Istri',NULL,NULL,'',NULL,'2018-02-13 06:24:31'),
(311,'80',NULL,'Dedi Masriyadi',NULL,'697654800','L','Islam',NULL,'Buruh Lepas Harian',NULL,'Anak',NULL,NULL,'',NULL,'2018-04-28 00:11:15'),
(312,'80',NULL,'Irwan Setiawan',NULL,'790707600','L','Islam',NULL,'Buruh Lepas Harian',NULL,'Anak',NULL,NULL,'',NULL,'2018-02-13 07:54:45'),
(313,'80',NULL,'Muhamad Fauzi Umar',NULL,'905965200','L','Islam',NULL,NULL,NULL,'Anak',NULL,NULL,'',NULL,'2018-02-13 07:55:34'),
(314,'80',NULL,'Miftahul Huda',NULL,'1016816400','L','Islam',NULL,'PELAJAR/MAHASISWA',NULL,'Anak',NULL,NULL,'',NULL,'2018-02-13 07:56:02'),
(315,'80',NULL,'Rochimatul Bayti',NULL,'1232384400','P','Islam',NULL,'PELAJAR/MAHASISWA',NULL,'Anak',NULL,NULL,'',NULL,'2018-02-13 07:56:39'),
(316,'81','Meninggal','Rosid',NULL,'-554887800','L','Islam',NULL,'Karyawan Swasta',NULL,'Suami',NULL,NULL,'1',NULL,'2018-04-27 04:24:35'),
(317,'81',NULL,'Nurhayati',NULL,'-315387000','P','Islam',NULL,'IRT',NULL,'Istri',NULL,NULL,'',NULL,'2018-02-13 05:14:50'),
(318,'81',NULL,'Candra Hudaya',NULL,'599590800','L','Islam',NULL,'Karyawan Swasta',NULL,'Anak',NULL,NULL,'',NULL,'2018-02-13 05:15:55'),
(319,'82',NULL,'Rosidih',NULL,'-767610000','L','Islam',NULL,'Wiraswasta',NULL,'Suami',NULL,NULL,'1',NULL,'2018-02-09 21:23:28'),
(320,'82',NULL,'Purwati',NULL,'24339600','L','Islam',NULL,'IRT',NULL,'Istri',NULL,NULL,'',NULL,'2018-02-09 12:36:59'),
(321,'82',NULL,'Widia Sentika El Giovani',NULL,'741286800','P','Islam',NULL,'PELAJAR/MAHASISWA',NULL,'Anak',NULL,NULL,'',NULL,'2018-02-09 21:24:06'),
(322,'83',NULL,'Rosikin',NULL,'73587600','L','Islam',NULL,'Buruh Lepas Harian',NULL,'Suami',NULL,NULL,'1',NULL,'2018-02-13 08:20:25'),
(323,'83',NULL,'Mahmudah',NULL,'235674000','P','Islam',NULL,'IRT',NULL,'Istri',NULL,NULL,'',NULL,'2018-02-13 08:20:48'),
(324,'83',NULL,'Faturrohman',NULL,'806259600','L','Islam',NULL,NULL,NULL,'Anak',NULL,NULL,'',NULL,'2018-02-13 08:21:06'),
(325,'83',NULL,'Putri Tarisa',NULL,'1010422800','P','Islam',NULL,NULL,NULL,'Anak',NULL,NULL,'',NULL,'2018-02-13 08:21:38'),
(326,'83',NULL,'Milha Rossa Maidah',NULL,'1273510800','P','Islam',NULL,NULL,NULL,'Anak',NULL,NULL,'',NULL,'2018-02-13 08:22:16'),
(327,'84',NULL,'Royani',NULL,'542307600',NULL,NULL,NULL,NULL,NULL,NULL,NULL,NULL,'1',NULL,'2018-02-13 16:08:45'),
(328,'84',NULL,'Faikoh',NULL,'414349200',NULL,NULL,NULL,NULL,NULL,NULL,NULL,NULL,'',NULL,NULL),
(329,'84',NULL,'Farman Royhan',NULL,'1315414800',NULL,NULL,NULL,NULL,NULL,NULL,NULL,NULL,'',NULL,NULL),
(330,'85',NULL,'Sa\'bah',NULL,'-181033200',NULL,NULL,NULL,NULL,NULL,NULL,NULL,NULL,'1',NULL,'2018-02-13 16:09:03'),
(331,'85',NULL,'Ahmad Sading',NULL,'503600400',NULL,NULL,NULL,NULL,NULL,NULL,NULL,NULL,'',NULL,NULL),
(332,'85',NULL,'Lidya Wati',NULL,'549565200',NULL,NULL,NULL,NULL,NULL,NULL,NULL,NULL,'',NULL,NULL),
(333,'85',NULL,'Iwan Sanusi',NULL,'608317200',NULL,NULL,NULL,NULL,NULL,NULL,NULL,NULL,'',NULL,NULL),
(334,'85',NULL,'M. Maulana',NULL,'930330000',NULL,NULL,NULL,NULL,NULL,NULL,NULL,NULL,'',NULL,NULL),
(335,'85',NULL,'Arma Wati',NULL,'1242579600',NULL,NULL,NULL,NULL,NULL,NULL,NULL,NULL,'',NULL,NULL),
(336,'86',NULL,'Saniman',NULL,'-358327800',NULL,NULL,NULL,NULL,NULL,NULL,NULL,NULL,'1',NULL,'2018-02-13 16:09:39'),
(337,'86',NULL,'Supatmi',NULL,'-238575600',NULL,NULL,NULL,NULL,NULL,NULL,NULL,NULL,'',NULL,NULL),
(338,'86',NULL,'Mega Erisa',NULL,'771958800',NULL,NULL,NULL,NULL,NULL,NULL,NULL,NULL,'',NULL,NULL),
(339,'87',NULL,'Sarigut',NULL,'305139600','L','Islam',NULL,'Pedagang',NULL,'Suami',NULL,NULL,'1',NULL,'2018-02-09 11:44:02'),
(340,'87',NULL,'Jumiyati',NULL,'366742800','P','Islam',NULL,'IRT',NULL,'Istri',NULL,NULL,'',NULL,'2018-02-09 11:44:47'),
(341,'87',NULL,'Iqbal Daendels Zakaria',NULL,'1156006800','L','Islam',NULL,'PELAJAR/MAHASISWA',NULL,'Anak',NULL,NULL,'',NULL,'2018-02-09 11:45:35'),
(342,'87',NULL,'Raihan Akbar Zakaria',NULL,'1403370000','L','Islam',NULL,NULL,NULL,'Anak',NULL,NULL,'',NULL,'2018-02-09 11:46:56'),
(343,'88',NULL,'Sarkum',NULL,'260038800','L','Islam',NULL,'Sopir',NULL,'Suami',NULL,NULL,'1',NULL,'2018-02-09 12:10:25'),
(344,'88',NULL,'Enok',NULL,'236106000','P','Islam',NULL,'IRT',NULL,'Istri',NULL,NULL,'',NULL,'2018-02-09 12:11:19'),
(345,'88',NULL,'Sanah Diah',NULL,'843325200','P','Islam',NULL,NULL,NULL,'Anak',NULL,NULL,'',NULL,'2018-02-09 12:11:34'),
(346,'88',NULL,'Saroh',NULL,'1163178000','P','Islam',NULL,NULL,NULL,'Anak',NULL,NULL,'',NULL,'2018-02-09 12:12:06'),
(347,'89',NULL,'Seno  Widodo',NULL,'10861200',NULL,NULL,NULL,NULL,NULL,NULL,NULL,NULL,'1',NULL,'2018-02-13 16:10:02'),
(348,'90',NULL,'Setia Budhy',NULL,'-303291000','L','Islam',NULL,'Sopir',NULL,'Suami',NULL,NULL,'1',NULL,'2018-02-13 05:08:48'),
(349,'90',NULL,'Marsiah',NULL,'-53334000','P','Islam',NULL,'IRT',NULL,'Istri',NULL,NULL,'',NULL,'2018-02-13 05:09:01'),
(350,'90',NULL,'Ahmad Gojali',NULL,'739213200','L','Islam',NULL,NULL,NULL,'Anak',NULL,NULL,'',NULL,'2018-02-13 05:09:43'),
(351,'90',NULL,'Agus Mahardika Hadi',NULL,'803322000','L','Islam',NULL,'Sopir',NULL,'Anak',NULL,NULL,'',NULL,'2018-02-13 05:10:26'),
(352,'90',NULL,'Rizki Hadi',NULL,'847904400','L','Islam',NULL,'PELAJAR/MAHASISWA',NULL,'Anak',NULL,NULL,'',NULL,'2018-02-13 05:11:15'),
(353,'90',NULL,'Nur Riyadoh',NULL,'956941200','P','Islam',NULL,'PELAJAR/MAHASISWA',NULL,'Anak',NULL,NULL,'',NULL,'2018-02-13 05:11:53'),
(354,'90',NULL,'Hadi Syafaa\'at',NULL,'1120842000','L','Islam',NULL,'PELAJAR/MAHASISWA',NULL,'Anak',NULL,NULL,'',NULL,'2018-02-13 05:12:17'),
(355,'91',NULL,'Sibli',NULL,'-631180800','L','Islam',NULL,'Wiraswasta',NULL,'Suami',NULL,NULL,'1',NULL,'2018-02-13 08:46:24'),
(356,'91',NULL,'Siti Ratna',NULL,'-304846200','P','Islam',NULL,'IRT',NULL,'Istri',NULL,NULL,'',NULL,'2018-02-13 08:46:57'),
(357,'91',NULL,'Ulfa Yati',NULL,'359139600','P','Islam',NULL,'Guru',NULL,'Anak',NULL,NULL,'',NULL,'2018-02-13 08:47:24'),
(358,'91',NULL,'Heruli',NULL,'529261200','L','Islam',NULL,'Karyawan Swasta',NULL,'Anak',NULL,NULL,'',NULL,'2018-02-13 08:47:59'),
(359,'91','Pisah KK','Umu Fitriyah',NULL,'617907600',NULL,NULL,NULL,NULL,NULL,NULL,NULL,NULL,'',NULL,'2018-02-13 08:53:22'),
(360,'91',NULL,'Nikmatullah H Jaman',NULL,'884797200','L','Islam',NULL,'Wiraswasta',NULL,'Anak',NULL,NULL,'',NULL,'2018-02-13 08:49:30'),
(361,'91','Pisah KK','Umi Kulsum',NULL,'823626000',NULL,NULL,NULL,NULL,NULL,NULL,NULL,NULL,'',NULL,'2018-02-13 08:50:09'),
(362,'91',NULL,'Sulawati',NULL,'883933200','P','Islam',NULL,'PELAJAR/MAHASISWA',NULL,'Anak',NULL,NULL,'',NULL,'2018-02-13 08:50:39'),
(363,'91',NULL,'Umtati',NULL,'1021136400','P','Islam',NULL,'PELAJAR/MAHASISWA',NULL,'Anak',NULL,NULL,'',NULL,'2018-02-13 08:50:59'),
(364,'92','Pisah KK','Sidik',NULL,'-25200',NULL,NULL,NULL,NULL,NULL,NULL,NULL,NULL,'1',NULL,'2018-05-03 01:20:26'),
(365,'92','Alm','Mifudoh',NULL,'-302167800','P','Islam',NULL,'IRT',NULL,'Istri',NULL,NULL,'',NULL,'2018-05-03 01:20:15'),
(366,'92',NULL,'Umar',NULL,'465411600','L','Islam',NULL,NULL,NULL,'Anak',NULL,NULL,'',NULL,'2018-02-13 03:29:22'),
(367,'92','Pisah KK','Zakiyatun Nafsiah',NULL,'593974800',NULL,NULL,NULL,NULL,NULL,NULL,NULL,NULL,'',NULL,'2018-02-13 09:13:54'),
(368,'92','Pisah KK','Nilah',NULL,'677005200',NULL,NULL,NULL,NULL,NULL,NULL,NULL,NULL,'',NULL,'2018-05-03 01:19:44'),
(370,'94',NULL,'Sihabudin',NULL,'-28364400','L','Islam',NULL,'Karyawan Swasta',NULL,'Suami',NULL,NULL,'1',NULL,'2018-02-13 08:45:19'),
(371,'94',NULL,'Sarkiyah',NULL,'208026000','P','Islam',NULL,'IRT',NULL,'Istri',NULL,NULL,'',NULL,'2018-02-13 08:43:23'),
(372,'94',NULL,'Endang Supriyadi',NULL,'792090000','L','Islam',NULL,'PELAJAR/MAHASISWA',NULL,'Anak',NULL,NULL,'',NULL,'2018-02-13 08:43:50'),
(373,'94',NULL,'Sahrul Indrawan',NULL,'931712400','L','Islam',NULL,'PELAJAR/MAHASISWA',NULL,'Anak',NULL,NULL,'',NULL,'2018-02-13 08:44:10'),
(374,'94',NULL,'Indriani Syihab',NULL,'1123261200','L','Islam',NULL,'PELAJAR/MAHASISWA',NULL,'Anak',NULL,NULL,'',NULL,'2018-02-13 08:44:41'),
(375,'94',NULL,'Nur Annisa',NULL,'1324141200','P','Islam',NULL,NULL,NULL,'Anak',NULL,NULL,'',NULL,'2018-02-13 08:45:04'),
(376,'95',NULL,'Solihin',NULL,'2739600','L','Islam',NULL,'Wiraswasta',NULL,'Suami',NULL,NULL,'1',NULL,'2018-02-13 08:09:10'),
(377,'95',NULL,'Siti Solehah',NULL,'58294800','P','Islam',NULL,'Pedagang',NULL,'Istri',NULL,NULL,'',NULL,'2018-02-13 08:09:27'),
(378,'95','Pisah KK','Sutihat',NULL,'715194000','P','Islam',NULL,NULL,NULL,'Anak',NULL,NULL,'',NULL,'2018-05-03 01:24:28'),
(379,'95',NULL,'Sufiyan',NULL,'804963600','L','Islam',NULL,'PELAJAR/MAHASISWA',NULL,'Anak',NULL,NULL,'',NULL,'2018-02-13 08:11:42'),
(380,'95',NULL,'Solahudin',NULL,'994525200','L','Islam',NULL,NULL,NULL,'Anak',NULL,NULL,'',NULL,'2018-02-13 08:10:40'),
(381,'95',NULL,'Holidah',NULL,'1284570000','P','Islam',NULL,NULL,NULL,'Anak',NULL,NULL,'',NULL,'2018-02-13 08:12:28'),
(382,'96',NULL,'Soma',NULL,'105814800','P','Islam',NULL,'Wiraswasta',NULL,'Suami',NULL,NULL,'1',NULL,'2018-02-13 05:00:47'),
(383,'96',NULL,'Emah',NULL,'171133200','P','Islam',NULL,'IRT',NULL,'Istri',NULL,NULL,'',NULL,'2018-02-13 05:01:15'),
(384,'96',NULL,'Muhammad Abdul Rozak',NULL,'827427600','L','Islam',NULL,'PELAJAR/MAHASISWA',NULL,'Anak',NULL,NULL,'',NULL,'2018-02-13 05:01:46'),
(385,'96',NULL,'Lisnawati',NULL,'985280400','P','Islam',NULL,'PELAJAR/MAHASISWA',NULL,'Anak',NULL,NULL,'',NULL,'2018-02-13 05:02:11'),
(386,'96',NULL,'Tika',NULL,'1109696400','P','Islam',NULL,'PELAJAR/MAHASISWA',NULL,'Anak',NULL,NULL,'',NULL,'2018-02-13 05:02:30'),
(387,'96',NULL,'Muhammad Abdul Latif',NULL,'1397581200','L','Islam',NULL,NULL,NULL,'Anak',NULL,NULL,'',NULL,'2018-02-13 05:02:55'),
(388,'96','pindah','Rahman',NULL,'520707600','L','Islam',NULL,'Wiraswasta',NULL,'Famili Lain',NULL,NULL,'',NULL,'2018-04-28 00:41:20'),
(389,'97','alm','Subari M.Shaleh (alm)',NULL,'-107420400',NULL,NULL,NULL,NULL,NULL,NULL,NULL,NULL,'',NULL,'2018-02-13 08:27:24'),
(390,'97',NULL,'Masitoh',NULL,'106419600','P','Islam',NULL,'IRT',NULL,'Istri',NULL,NULL,'1',NULL,'2018-02-13 08:27:13'),
(391,'97',NULL,'Sumiyati',NULL,'782413200','P','Islam',NULL,'PELAJAR/MAHASISWA',NULL,'Istri',NULL,NULL,'',NULL,'2018-02-13 08:28:31'),
(392,'97',NULL,'Ade Mahmudi Saleh',NULL,'858358800','L','Islam',NULL,'PELAJAR/MAHASISWA',NULL,'Anak',NULL,NULL,'',NULL,'2018-02-13 08:29:38'),
(393,'97',NULL,'Eti Suheti',NULL,'1007917200','P','Islam',NULL,'PELAJAR/MAHASISWA',NULL,'Anak',NULL,NULL,'',NULL,'2018-02-13 08:30:39'),
(394,'97',NULL,'Muhammad Andi Yusuf',NULL,'1212426000','L','Islam',NULL,'PELAJAR/MAHASISWA',NULL,'Anak',NULL,NULL,'',NULL,'2018-02-13 08:31:23'),
(395,'98',NULL,'Sudiro',NULL,'258051600','L','Islam',NULL,'Karyawan Swasta',NULL,'Suami',NULL,NULL,'1',NULL,'2018-02-13 02:56:30'),
(396,'98',NULL,'Rina Amelia',NULL,'514054800','L','Islam',NULL,'IRT',NULL,'Istri',NULL,NULL,'',NULL,'2018-02-13 02:57:08'),
(397,'98',NULL,'Nadira Rizka Anggraeni',NULL,'1502643600','P','Islam',NULL,NULL,NULL,'Anak',NULL,NULL,'',NULL,'2018-02-13 02:59:32'),
(398,'99','Gak Tau','Sugengg Santoso',NULL,'167590800','L','Islam',NULL,NULL,NULL,'Suami',NULL,NULL,'1',NULL,'2018-02-09 22:08:22'),
(399,'99',NULL,'Siti Aliyah',NULL,'347216400','P','Islam',NULL,'IRT',NULL,'Istri',NULL,NULL,'',NULL,'2018-02-09 22:09:05'),
(400,'99',NULL,'Muhammad Noval Saifulloh',NULL,'978109200','L','Islam',NULL,NULL,NULL,'Anak',NULL,NULL,'',NULL,'2018-02-09 22:09:27'),
(401,'99',NULL,'Mutiara Oktaviana',NULL,'1035306000','P','Islam',NULL,NULL,NULL,'Anak',NULL,NULL,'',NULL,'2018-02-09 22:09:46'),
(402,'99',NULL,'Muhammad Aliefvian',NULL,'1253466000','P','Islam',NULL,NULL,NULL,'Anak',NULL,NULL,'',NULL,'2018-02-09 22:09:58'),
(403,'100',NULL,'Suhari',NULL,'377370000','L',NULL,NULL,NULL,NULL,'Suami',NULL,NULL,'1',NULL,'2018-02-13 16:10:40'),
(404,'100',NULL,'Yani',NULL,'559674000',NULL,NULL,NULL,NULL,NULL,NULL,NULL,NULL,'',NULL,NULL),
(405,'100',NULL,'A Sariful Anwar',NULL,'1047315600',NULL,NULL,NULL,NULL,NULL,NULL,NULL,NULL,'',NULL,NULL),
(406,'100',NULL,'Nur Aini Mardiyah',NULL,'1156784400',NULL,NULL,NULL,NULL,NULL,NULL,NULL,NULL,'',NULL,NULL),
(407,'100',NULL,'Moh Arif',NULL,'842893200',NULL,NULL,NULL,NULL,NULL,NULL,NULL,NULL,'',NULL,NULL),
(408,'101',NULL,'Suheli',NULL,'402080400','L','Islam',NULL,'Buruh Lepas Harian',NULL,'Suami',NULL,NULL,'1',NULL,'2018-02-09 12:32:50'),
(409,'101',NULL,'Devi Handayani',NULL,'454525200','P','Islam',NULL,'IRT',NULL,'Istri',NULL,NULL,'',NULL,'2018-02-09 12:30:55'),
(410,'101',NULL,'Sofia Wulandari',NULL,'1112634000','P','Islam',NULL,'PELAJAR/MAHASISWA',NULL,'Anak',NULL,NULL,'',NULL,'2018-02-09 12:31:25'),
(411,'101',NULL,'Dewi Anjani',NULL,'1400605200','P','Islam',NULL,NULL,NULL,'Anak',NULL,NULL,'',NULL,'2018-02-09 12:31:48'),
(412,'101','tidak tau','Saiful Anwar',NULL,'688582800',NULL,NULL,NULL,NULL,NULL,NULL,NULL,NULL,'',NULL,'2018-02-09 12:32:08'),
(414,'101','tidak tau','Hadi Safa\'at',NULL,'1120842000',NULL,NULL,NULL,NULL,NULL,NULL,NULL,NULL,'',NULL,'2018-02-09 12:32:40'),
(415,'102',NULL,'Sumi',NULL,'-2209186800',NULL,NULL,NULL,NULL,NULL,NULL,NULL,NULL,'',NULL,NULL),
(416,'103',NULL,'Sunarjan',NULL,'173638800',NULL,NULL,NULL,NULL,NULL,NULL,NULL,NULL,'1',NULL,'2018-02-13 16:11:17'),
(417,'103',NULL,'Ratna Juwita',NULL,'270925200',NULL,NULL,NULL,NULL,NULL,NULL,NULL,NULL,'',NULL,NULL),
(418,'103',NULL,'Mery Narlyta',NULL,'868467600',NULL,NULL,NULL,NULL,NULL,NULL,NULL,NULL,'',NULL,NULL),
(419,'103',NULL,'Farizal Aditya',NULL,'1116262800',NULL,NULL,NULL,NULL,NULL,NULL,NULL,NULL,'',NULL,NULL),
(420,'104',NULL,'Supena',NULL,'-350206200','L','Islam',NULL,'Pensiunan',NULL,'Suami',NULL,NULL,'1',NULL,'2018-02-13 04:27:31'),
(421,'104',NULL,'Sarmi Halimah',NULL,'-309339000','P','Islam',NULL,'IRT',NULL,'Istri',NULL,NULL,'',NULL,'2018-02-13 04:27:59'),
(422,'104',NULL,'Dedy Suherman',NULL,'301597200','L','Islam',NULL,'Karyawan Swasta',NULL,'Anak',NULL,NULL,'',NULL,'2018-02-13 04:28:28'),
(423,'104','Pindah KK','Fredy Hand',NULL,'585680400',NULL,NULL,NULL,NULL,NULL,NULL,NULL,NULL,'',NULL,'2018-05-03 01:18:22'),
(424,'105',NULL,'Suryadi',NULL,'30128400',NULL,NULL,NULL,NULL,NULL,NULL,NULL,NULL,'1',NULL,'2018-02-13 16:12:42'),
(425,'105',NULL,'Upiyati',NULL,'168282000',NULL,NULL,NULL,NULL,NULL,NULL,NULL,NULL,'',NULL,NULL),
(426,'105',NULL,'Laras Manjari',NULL,'841683600',NULL,NULL,NULL,NULL,NULL,NULL,NULL,NULL,'',NULL,NULL),
(427,'105',NULL,'Virgin Sparias',NULL,'988650000',NULL,NULL,NULL,NULL,NULL,NULL,NULL,NULL,'',NULL,NULL),
(428,'105',NULL,'Zamzam Alfarizi',NULL,'1075741200',NULL,NULL,NULL,NULL,NULL,NULL,NULL,NULL,'',NULL,NULL),
(429,'106',NULL,'Sutardi Tarjo Sutrisno',NULL,'-270027000',NULL,NULL,NULL,NULL,NULL,NULL,NULL,NULL,'1',NULL,'2018-02-13 16:12:53'),
(430,'107',NULL,'Sutikno',NULL,'299696400',NULL,NULL,NULL,NULL,NULL,NULL,NULL,NULL,'1',NULL,'2018-02-13 16:13:02'),
(431,'107',NULL,'Sartini',NULL,'562698000',NULL,NULL,NULL,NULL,NULL,NULL,NULL,NULL,'',NULL,NULL),
(432,'108',NULL,'Syadeli',NULL,'-707556600',NULL,NULL,NULL,NULL,NULL,NULL,NULL,NULL,'1',NULL,'2018-02-13 16:13:10'),
(433,'108',NULL,'Rufi\'ah',NULL,'-126255600',NULL,NULL,NULL,NULL,NULL,NULL,NULL,NULL,'',NULL,NULL),
(434,'108','pisah KK','Ikhsan',NULL,'306608400',NULL,NULL,NULL,NULL,NULL,NULL,NULL,NULL,'',NULL,'2018-05-02 22:18:49'),
(435,'108','pisah kk','Jumanah',NULL,'524163600',NULL,NULL,NULL,NULL,NULL,NULL,NULL,NULL,'',NULL,'2018-05-02 22:19:07'),
(436,'108',NULL,'Maryatiningsih',NULL,'717440400',NULL,NULL,NULL,NULL,NULL,NULL,NULL,NULL,'',NULL,NULL),
(437,'108',NULL,'Susilawati',NULL,'743533200',NULL,NULL,NULL,NULL,NULL,NULL,NULL,NULL,'',NULL,NULL),
(438,'108',NULL,'Sudirman Rahmatullah',NULL,'843670800',NULL,NULL,NULL,NULL,NULL,NULL,NULL,NULL,'',NULL,NULL),
(439,'108',NULL,'Rosmawati',NULL,'983293200',NULL,NULL,NULL,NULL,NULL,NULL,NULL,NULL,'',NULL,NULL),
(440,'109',NULL,'Syehabudin',NULL,'603478800',NULL,NULL,NULL,NULL,NULL,NULL,NULL,NULL,'1',NULL,'2018-02-13 16:13:23'),
(441,'109',NULL,'Winda Agustiani',NULL,'744310800',NULL,NULL,NULL,NULL,NULL,NULL,NULL,NULL,'',NULL,NULL),
(442,'110',NULL,'Tasa Suratman',NULL,'-607591800',NULL,NULL,NULL,NULL,NULL,NULL,NULL,NULL,'1',NULL,'2018-02-13 16:13:40'),
(443,'110',NULL,'Siti Patimah',NULL,'-291625200',NULL,NULL,NULL,NULL,NULL,NULL,NULL,NULL,'',NULL,NULL),
(444,'110',NULL,'Obis Abdul Ajis',NULL,'682102800',NULL,NULL,NULL,NULL,NULL,NULL,NULL,NULL,'',NULL,NULL),
(445,'111',NULL,'Tasril Rasyid',NULL,'-329211000',NULL,NULL,NULL,NULL,NULL,NULL,NULL,NULL,'1',NULL,'2018-02-13 16:13:59'),
(446,'111',NULL,'Syamsuarti',NULL,'-164271600',NULL,NULL,NULL,NULL,NULL,NULL,NULL,NULL,'',NULL,NULL),
(447,'111',NULL,'Sugar wara',NULL,'466880400',NULL,NULL,NULL,NULL,NULL,NULL,NULL,NULL,'',NULL,NULL),
(448,'111',NULL,'Suhandi harja',NULL,'532976400',NULL,NULL,NULL,NULL,NULL,NULL,NULL,NULL,'',NULL,NULL),
(449,'111',NULL,'Meylisa Eka Putri',NULL,'581014800',NULL,NULL,NULL,NULL,NULL,NULL,NULL,NULL,'',NULL,NULL),
(450,'111',NULL,'Angga Setiawan',NULL,'777574800',NULL,NULL,NULL,NULL,NULL,NULL,NULL,NULL,'',NULL,NULL),
(451,'111',NULL,'Aldo Nurohim',NULL,'1057338000',NULL,NULL,NULL,NULL,NULL,NULL,NULL,NULL,'',NULL,NULL),
(452,'111',NULL,'Aldi Nurohman',NULL,'1060016400',NULL,NULL,NULL,NULL,NULL,NULL,NULL,NULL,'',NULL,NULL),
(453,'112',NULL,'Taukid',NULL,'439146000',NULL,NULL,NULL,NULL,NULL,NULL,NULL,NULL,'1',NULL,'2018-02-13 16:14:07'),
(454,'112',NULL,'Latipah',NULL,'439578000',NULL,NULL,NULL,NULL,NULL,NULL,NULL,NULL,'',NULL,NULL),
(455,'112',NULL,'Andika',NULL,'1147366800',NULL,NULL,NULL,NULL,NULL,NULL,NULL,NULL,'',NULL,NULL),
(456,'113',NULL,'Tolihah',NULL,'-407057400','P','Islam',NULL,'IRT',NULL,'Istri',NULL,NULL,'1',NULL,'2018-02-13 03:06:02'),
(457,'113','gak tau','Tolib Imansyah',NULL,'-438850800',NULL,NULL,NULL,NULL,NULL,NULL,NULL,NULL,'',NULL,'2018-02-13 03:06:18'),
(458,'113','gak tau','Trismanto',NULL,'578077200',NULL,NULL,NULL,NULL,NULL,NULL,NULL,NULL,'',NULL,'2018-02-13 03:06:25'),
(459,'113',NULL,'Zainatul Anisa',NULL,'860173200','P','Islam',NULL,'PELAJAR/MAHASISWA',NULL,'Anak',NULL,NULL,'',NULL,'2018-02-13 03:06:53'),
(460,'114',NULL,'Triyono',NULL,'-179823600',NULL,NULL,NULL,NULL,NULL,NULL,NULL,NULL,'1',NULL,'2018-02-13 16:14:14'),
(461,'114',NULL,'Sri Lestari',NULL,'776192400',NULL,NULL,NULL,NULL,NULL,NULL,NULL,NULL,'',NULL,NULL),
(462,'114',NULL,'Sularno (siapa triyono)',NULL,'470077200',NULL,NULL,NULL,NULL,NULL,NULL,NULL,NULL,'',NULL,NULL),
(463,'115',NULL,'Tukimin',NULL,'93891600','L',NULL,NULL,NULL,NULL,NULL,NULL,NULL,'1',NULL,'2018-04-27 23:52:33'),
(464,'115',NULL,'Rukiem',NULL,'58208400','P',NULL,NULL,NULL,NULL,NULL,NULL,NULL,'',NULL,'2018-04-27 23:52:40'),
(465,'116','gak tau','Wiyoto',NULL,'111085200','L','Islam',NULL,NULL,NULL,'Suami',NULL,NULL,'1',NULL,'2018-02-13 03:41:24'),
(466,'116',NULL,'Herni Noor Oktaviani',NULL,'402339600','P','Islam',NULL,'IRT',NULL,'Istri',NULL,NULL,'',NULL,'2018-02-13 03:40:46'),
(467,'116',NULL,'Rizky Nugroho',NULL,'1334595600','L','Islam',NULL,NULL,NULL,'Anak',NULL,NULL,'',NULL,'2018-02-13 03:41:09'),
(468,'117',NULL,'Wardono',NULL,'-1407600',NULL,NULL,NULL,NULL,NULL,NULL,NULL,NULL,'1',NULL,'2018-02-13 16:14:34'),
(469,'118',NULL,'Yuni Darmawan',NULL,'393872400',NULL,NULL,NULL,NULL,NULL,NULL,NULL,NULL,'1',NULL,'2018-02-13 16:14:48'),
(470,'118',NULL,'Ririt Ratna Ita Wahyuni',NULL,'454870800',NULL,NULL,NULL,NULL,NULL,NULL,NULL,NULL,'',NULL,NULL),
(471,'118',NULL,'Shafa Aulia Shalsabila D',NULL,'1234285200',NULL,NULL,NULL,NULL,NULL,NULL,NULL,NULL,'',NULL,NULL),
(472,'119',NULL,'Didey Octa Rizal',NULL,'720205200','L','Islam',NULL,'Wiraswasta',NULL,'Suami',NULL,NULL,'1',NULL,'2018-02-13 02:46:26'),
(473,'119',NULL,'Nani Ruchsiani',NULL,'806864400','P','Islam',NULL,'IRT',NULL,'Istri',NULL,NULL,NULL,NULL,'2018-02-09 11:27:31'),
(474,'119',NULL,'Rafanda Diani Putri',NULL,'1467133200','P','Islam',NULL,NULL,NULL,'Anak',NULL,NULL,NULL,NULL,'2018-02-09 11:29:12'),
(475,'36',NULL,'Muhammad Zaidan',NULL,'1514480400','L','Islam',NULL,NULL,NULL,'Anak',NULL,NULL,NULL,NULL,NULL),
(476,'60',NULL,'Muhammad Raka Irwansyah',NULL,'1424710800','L','Islam',NULL,NULL,NULL,'Anak',NULL,NULL,NULL,NULL,NULL),
(477,'44',NULL,'Hanna Asyifa',NULL,'1424883600','P','Islam',NULL,NULL,NULL,'Anak',NULL,NULL,NULL,NULL,NULL),
(478,'61',NULL,'Widyaningsih',NULL,'888598800','P','Islam',NULL,NULL,NULL,'Famili Lain',NULL,NULL,NULL,NULL,'2018-02-09 22:06:14'),
(479,'69',NULL,'Danesha Qurratu Khalisa',NULL,'1425834000','P','Islam',NULL,NULL,NULL,'Anak',NULL,NULL,NULL,NULL,NULL),
(480,'46',NULL,'Muhamad Farel',NULL,'1216659600','L','Islam',NULL,'PELAJAR/MAHASISWA',NULL,'Anak',NULL,NULL,NULL,NULL,'2018-02-10 04:30:22'),
(481,'1',NULL,'Aisyah Ayudia Inara',NULL,'1455642000','P','Islam',NULL,NULL,NULL,'Anak',NULL,NULL,NULL,NULL,'2018-02-13 04:11:33'),
(482,'71',NULL,'Alkhalifi Zikri Hamizan',NULL,'1443978000','L','Islam',NULL,NULL,NULL,'Anak',NULL,NULL,NULL,NULL,NULL),
(483,'81',NULL,'Maisaroh',NULL,'-945243000','P','Islam',NULL,NULL,NULL,'Mertua',NULL,NULL,NULL,NULL,NULL),
(484,'8',NULL,'Alesha Noura Latifa',NULL,'1399482000','P','Islam',NULL,NULL,NULL,'Anak',NULL,NULL,NULL,NULL,NULL),
(485,'8',NULL,'Askar Alfaruqi Rahman',NULL,'1453914000','L','Islam',NULL,NULL,NULL,'Anak',NULL,NULL,NULL,NULL,NULL),
(486,'43',NULL,'Yafizhan Maulana Fadillah',NULL,'1511974800','L','Islam',NULL,NULL,NULL,'Anak',NULL,NULL,NULL,NULL,NULL),
(487,'25',NULL,'Adiba Qadriyyah',NULL,'1429117200','P','Islam',NULL,NULL,NULL,'Anak',NULL,NULL,NULL,NULL,NULL),
(488,'13',NULL,'Vicka Febriyanti',NULL,'1485882000','P','Islam',NULL,NULL,NULL,'Anak',NULL,NULL,NULL,NULL,NULL),
(489,'120',NULL,'Umu Fitriyah',NULL,'617907600','P','Islam',NULL,'IRT',NULL,'Istri',NULL,NULL,'1',NULL,'2018-04-27 03:50:06'),
(490,'121',NULL,'Mahdi',NULL,'-17996400','L','Islam',NULL,'Uztadz/Mubaligh',NULL,NULL,NULL,NULL,'1',NULL,'2018-02-13 09:10:18'),
(491,'122',NULL,'AA Ruskan Iskandar',NULL,'624646800','L','Islam',NULL,'Karyawan Swasta',NULL,NULL,NULL,NULL,'1',NULL,NULL),
(492,'123',NULL,'Abdul Karim',NULL,'566154000','L','Islam',NULL,'Karyawan Swasta',NULL,'Suami',NULL,NULL,'1',NULL,'2018-02-13 09:16:38'),
(493,'123',NULL,'Zakiyatun Nafsiah',NULL,'593974800','P','Islam',NULL,'IRT',NULL,'Istri',NULL,NULL,NULL,NULL,NULL),
(494,'123',NULL,'Nur Karimatun Nisa',NULL,'1461258000','P','Islam',NULL,NULL,NULL,'Anak',NULL,NULL,NULL,NULL,NULL),
(495,'124',NULL,'Anton Permana',NULL,'571770000','L','Islam',NULL,'Karyawan Swasta',NULL,'Suami',NULL,NULL,'1',NULL,NULL),
(496,'124',NULL,'Raudhotul Janah',NULL,'696877200','P','Islam',NULL,'IRT',NULL,'Istri',NULL,NULL,NULL,NULL,NULL),
(497,'124',NULL,'Anindiya Fauziah Ramadhani',NULL,'1435078800','P','Islam',NULL,NULL,NULL,'Anak',NULL,NULL,NULL,NULL,'2018-02-13 09:48:52'),
(498,'125',NULL,'Heri Losa',NULL,'576608400','L','Islam',NULL,'Wiraswasta',NULL,NULL,NULL,NULL,'1',NULL,'2018-02-13 09:57:33'),
(499,'126',NULL,'Bohari Muslim',NULL,'479408400','L','Islam',NULL,'Wiraswasta',NULL,'Suami',NULL,NULL,'1',NULL,'2018-02-13 09:54:22'),
(500,'126',NULL,'Dinar Renita',NULL,'692038800','P','Islam',NULL,'IRT',NULL,'Istri',NULL,NULL,NULL,NULL,NULL),
(501,'126',NULL,'Muhammad Ardi Al Farisi',NULL,'1418490000','L','Islam',NULL,NULL,NULL,'Anak',NULL,NULL,NULL,NULL,NULL),
(502,'127',NULL,'Fathulloh',NULL,'171997200','L','Islam',NULL,'Karyawan Swasta',NULL,'Suami',NULL,NULL,'1',NULL,'2018-02-13 10:04:55'),
(503,'127',NULL,'Hilfah',NULL,'396291600','P','Islam',NULL,'IRT',NULL,'Istri',NULL,NULL,NULL,NULL,NULL),
(504,'127',NULL,'Halifi',NULL,'1048438800','L','Islam',NULL,'PELAJAR/MAHASISWA',NULL,'Anak',NULL,NULL,NULL,NULL,NULL),
(505,'127',NULL,'Harifi',NULL,'1249923600','L','Islam',NULL,NULL,NULL,'Anak',NULL,NULL,NULL,NULL,NULL),
(506,'127',NULL,'Farah Amalia',NULL,'1278435600','P','Islam',NULL,NULL,NULL,'Anak',NULL,NULL,NULL,NULL,NULL),
(507,'128',NULL,'Syamsul Bahri',NULL,'73846800','L','Islam',NULL,'Karyawan Swasta',NULL,'Suami',NULL,NULL,'1',NULL,'2018-02-13 10:17:11'),
(508,'128',NULL,'Yeni Ernawati',NULL,'268592400','P','Islam',NULL,'IRT',NULL,'Istri',NULL,NULL,NULL,NULL,NULL),
(509,'128',NULL,'Ahmad Rizky Pratama',NULL,'944586000','L','Islam',NULL,NULL,NULL,'Anak',NULL,NULL,NULL,NULL,NULL),
(510,'128',NULL,'Shakila Dwi Saputra',NULL,'1134406800','P','Islam',NULL,NULL,NULL,'Anak',NULL,NULL,NULL,NULL,NULL),
(511,'128',NULL,'Muhammad Alghifari',NULL,'1275238800','L','Islam',NULL,NULL,NULL,'Anak',NULL,NULL,NULL,NULL,NULL),
(512,'129',NULL,'Syadeli',NULL,'-707556600','L','Islam',NULL,'Pedagang',NULL,'Suami',NULL,NULL,'1',NULL,NULL),
(513,'129',NULL,'Rapiah',NULL,'-108802800','P','Islam',NULL,'Pedagang',NULL,'Istri',NULL,NULL,NULL,NULL,NULL),
(514,'129',NULL,'Maryati',NULL,'665427600','P','Islam',NULL,'Karyawan Swasta',NULL,'Anak',NULL,NULL,NULL,NULL,'2018-02-13 10:14:17'),
(515,'129',NULL,'Susilawati',NULL,'743533200','P','Islam',NULL,'Guru',NULL,'Suami',NULL,NULL,NULL,NULL,NULL),
(516,'129',NULL,'Sudirman Rahmatullah',NULL,'843670800','L','Islam',NULL,'Wiraswasta',NULL,'Anak',NULL,NULL,NULL,NULL,'2018-02-13 10:16:56'),
(517,'130',NULL,'Ano Suparno',NULL,'23130000','L','Islam',NULL,'Wiraswasta',NULL,'Suami',NULL,NULL,'1',NULL,NULL),
(518,'131',NULL,'Ikhsan',NULL,'275072400','L','Islam',NULL,'Karyawan Swasta',NULL,'Istri',NULL,NULL,'1',NULL,'2018-05-11 01:34:10'),
(519,'131',NULL,'Asiah',NULL,'791658000','P','Islam',NULL,'IRT',NULL,'Istri',NULL,NULL,NULL,NULL,'2018-05-02 22:13:02'),
(520,'132',NULL,'H. Samsul Sakiyanto',NULL,'-571476600','L','Islam',NULL,'Wiraswasta',NULL,'Suami',NULL,NULL,'1',NULL,NULL),
(521,'132',NULL,'Didik Wijatmiko',NULL,'263408400','L','Islam',NULL,'Wiraswasta',NULL,'Anak',NULL,NULL,NULL,NULL,NULL),
(522,'133',NULL,'Iwan Setiawan',NULL,'352400400','L','Islam',NULL,'Wiraswasta',NULL,'Suami',NULL,NULL,'1',NULL,NULL),
(523,'133',NULL,'Fenti Daryani',NULL,'374691600','P','Islam',NULL,'IRT',NULL,'Istri',NULL,NULL,NULL,NULL,'2018-02-13 10:31:02'),
(524,'133',NULL,'Mochamad Abil Buana',NULL,'1177434000','L','Islam',NULL,'PELAJAR/MAHASISWA',NULL,'Anak',NULL,NULL,NULL,NULL,NULL),
(525,'133',NULL,'Bunga Yasmin Setiani',NULL,'1394989200','P','Islam',NULL,NULL,NULL,'Anak',NULL,NULL,NULL,NULL,NULL),
(526,'134',NULL,'Dani Rosada',NULL,'925200','L','Islam',NULL,'Wiraswasta',NULL,'Suami',NULL,NULL,'1',NULL,'2018-02-13 10:42:27'),
(527,'134',NULL,'Rita Diana Tilolango',NULL,'-457200','P','Islam',NULL,'IRT',NULL,'Istri',NULL,NULL,NULL,NULL,NULL),
(528,'134',NULL,'Aurora Sukma Aulia',NULL,'909853200','P','Islam',NULL,NULL,NULL,'Anak',NULL,NULL,NULL,NULL,NULL),
(529,'134',NULL,'Shesi Winona Amelia',NULL,'1037293200','P','Islam',NULL,'PELAJAR/MAHASISWA',NULL,'Anak',NULL,NULL,NULL,NULL,NULL),
(530,'134',NULL,'Rakay Ngurahrai Pajajaran',NULL,'1088010000','L','Islam',NULL,'PELAJAR/MAHASISWA',NULL,'Istri',NULL,NULL,NULL,NULL,NULL),
(531,'135',NULL,'Muhammad Amir',NULL,'511030800','L','Islam',NULL,'Wiraswasta',NULL,'Suami',NULL,NULL,'1',NULL,NULL),
(532,'135',NULL,'Sarmilah',NULL,'826218000','P','Islam',NULL,'IRT',NULL,'Istri',NULL,NULL,NULL,NULL,NULL),
(533,'135',NULL,'Afifah Nadhin Atiqah',NULL,'1445619600','P','Islam',NULL,NULL,NULL,'Anak',NULL,NULL,NULL,NULL,NULL),
(534,'136',NULL,'Sahroni',NULL,'479494800','L','Islam',NULL,'Wiraswasta',NULL,'Suami',NULL,NULL,'1',NULL,'2018-02-13 14:14:53'),
(535,'136',NULL,'Rosmiyati',NULL,'764787600','P','Islam',NULL,'IRT',NULL,'Istri',NULL,NULL,'',NULL,'2018-02-13 14:14:37'),
(536,'136',NULL,'Muhamad Raehan Fazri',NULL,'1281200400','L','Islam',NULL,NULL,NULL,'Anak',NULL,NULL,'',NULL,'2018-02-13 14:14:52'),
(537,'136',NULL,'Nia Ramdani Al Aboow Haidhir',NULL,'1374339600','P','Islam',NULL,NULL,NULL,'Anak',NULL,NULL,'',NULL,'2018-02-13 14:13:57'),
(538,'137',NULL,'Maulana Yusuf',NULL,'98557200','L','Islam',NULL,'Wiraswasta',NULL,'Suami',NULL,NULL,'1',NULL,'2018-02-13 11:56:41'),
(539,'137',NULL,'Arbaiyatul Zannah',NULL,'111517200','P','Islam',NULL,'IRT',NULL,'Istri',NULL,NULL,NULL,NULL,'2018-02-13 11:56:56'),
(540,'137',NULL,'Farel Al Qodrimaulana',NULL,'1258304400','L','Islam',NULL,'PELAJAR/MAHASISWA',NULL,'Anak',NULL,NULL,NULL,NULL,NULL),
(541,'138',NULL,'Karijah',NULL,'-18169200','P','Islam',NULL,'IRT',NULL,'Istri',NULL,NULL,'1',NULL,NULL),
(542,'138',NULL,'Rizki Wulandari',NULL,'724870800','P','Islam',NULL,NULL,NULL,'Anak',NULL,NULL,NULL,NULL,NULL),
(543,'138',NULL,'Serli Wahyuni',NULL,'932576400','P','Islam',NULL,'PELAJAR/MAHASISWA',NULL,'Anak',NULL,NULL,NULL,NULL,NULL),
(544,'138',NULL,'Muhammad Rifki Afriansyah',NULL,'1074877200','L','Islam',NULL,'PELAJAR/MAHASISWA',NULL,'Anak',NULL,NULL,NULL,NULL,NULL),
(545,'138',NULL,'Chandra Purnama',NULL,'1173718800','P','Islam',NULL,'PELAJAR/MAHASISWA',NULL,'Anak',NULL,NULL,NULL,NULL,NULL),
(546,'139',NULL,'Susun Ardiana',NULL,'345315600','L','Islam',NULL,'Wiraswasta',NULL,'Suami',NULL,NULL,'1',NULL,NULL),
(547,'139',NULL,'Muji Rahayu',NULL,'468867600','P','Islam',NULL,'Wiraswasta',NULL,'Istri',NULL,NULL,NULL,NULL,NULL),
(548,'140',NULL,'Suntama',NULL,'173725200','L','Islam',NULL,'Karyawan Swasta',NULL,'Suami',NULL,NULL,'1',NULL,'2018-02-13 12:09:54'),
(549,'140',NULL,'Maryam',NULL,'-61714800','P','Islam',NULL,'IRT',NULL,'Istri',NULL,NULL,NULL,NULL,NULL),
(550,'140',NULL,'Alek Fernanda',NULL,'994957200','L','Islam',NULL,'PELAJAR/MAHASISWA',NULL,'Anak',NULL,NULL,NULL,NULL,NULL),
(551,'140',NULL,'Keyzia Allena Amaura Queen',NULL,'1281373200','P','Islam',NULL,'PELAJAR/MAHASISWA',NULL,'Anak',NULL,NULL,NULL,NULL,NULL),
(552,'141',NULL,'Agung Nur Ramdhan',NULL,'607971600','L','Islam',NULL,'Wiraswasta',NULL,'Suami',NULL,NULL,'1',NULL,'2018-02-13 12:36:53'),
(553,'141',NULL,'Umi Kulsum',NULL,'823626000','P','Islam',NULL,'IRT',NULL,'Istri',NULL,NULL,NULL,NULL,NULL),
(554,'141',NULL,'Qisya Nur Azizah',NULL,'1412096400','P','Islam',NULL,NULL,NULL,'Anak',NULL,NULL,NULL,NULL,NULL),
(555,'141',NULL,'Adzka Syafiq Nur Muhammad',NULL,'1502384400','L','Islam',NULL,NULL,NULL,'Anak',NULL,NULL,NULL,NULL,NULL),
(556,'142',NULL,'Juheni',NULL,'426963600','L','Islam',NULL,'Wiraswasta',NULL,NULL,NULL,NULL,'1',NULL,NULL),
(557,'143',NULL,'Hilmi',NULL,'15354000','L','Islam',NULL,'Buruh Lepas Harian',NULL,'Suami',NULL,NULL,'1',NULL,'2018-02-13 12:40:00'),
(558,'143',NULL,'Rochianatul Qolbi',NULL,'-93510000','P','Islam',NULL,'IRT',NULL,'Istri',NULL,NULL,NULL,NULL,NULL),
(559,'143',NULL,'Muhammad Fahrozi',NULL,'1218042000','L','Islam',NULL,NULL,NULL,'Anak',NULL,NULL,NULL,NULL,NULL),
(560,'144',NULL,'Effendi',NULL,'171565200','L','Islam',NULL,'Wiraswasta',NULL,'Suami',NULL,NULL,'1',NULL,NULL),
(561,'144',NULL,'Nurhasanah',NULL,'466016400','P','Islam',NULL,'IRT',NULL,'Istri',NULL,NULL,NULL,NULL,NULL),
(562,'144',NULL,'Nurfadiah',NULL,'1048352400','P','Islam',NULL,'PELAJAR/MAHASISWA',NULL,'Anak',NULL,NULL,NULL,NULL,NULL),
(563,'144',NULL,'Muhammad Faris',NULL,'1191171600','L','Islam',NULL,NULL,NULL,'Anak',NULL,NULL,NULL,NULL,NULL),
(564,'144',NULL,'Juliana Ramadhani',NULL,'1402592400','P','Islam',NULL,NULL,NULL,'Anak',NULL,NULL,NULL,NULL,NULL),
(565,'145',NULL,'Yoppy Aspian',NULL,'655837200','L','Islam',NULL,'Wiraswasta',NULL,'Suami',NULL,NULL,'1',NULL,'2018-02-13 12:53:23'),
(566,'145',NULL,'Rini Puziastuti',NULL,'773254800','P','Islam',NULL,'IRT',NULL,'Istri',NULL,NULL,NULL,NULL,'2018-02-13 12:51:52'),
(567,'145',NULL,'Kenzo Raffael',NULL,'1462381200','L','Islam',NULL,NULL,NULL,'Anak',NULL,NULL,NULL,NULL,NULL),
(568,'146',NULL,'Anthony',NULL,'348944400','L','Kristen',NULL,'Karyawan Swasta',NULL,'Suami',NULL,NULL,'1',NULL,NULL),
(569,'146',NULL,'Lusi',NULL,'501786000','P','Kristen',NULL,'Karyawan Swasta',NULL,'Istri',NULL,NULL,NULL,NULL,NULL),
(570,'146',NULL,'Jeslyn Callysta',NULL,'1459098000','P','Kristen',NULL,NULL,NULL,'Anak',NULL,NULL,NULL,NULL,NULL),
(571,'147',NULL,'Ubaidillah',NULL,'301251600','L','Islam',NULL,'Wiraswasta',NULL,'Suami',NULL,NULL,'1',NULL,'2018-04-28 00:12:06'),
(572,'147',NULL,'Amaliah',NULL,'363459600','P','Islam',NULL,'IRT',NULL,'Istri',NULL,NULL,NULL,NULL,NULL),
(573,'147',NULL,'Galang Arrafi Adillah',NULL,'1232125200','L','Islam',NULL,'PELAJAR/MAHASISWA',NULL,'Anak',NULL,NULL,NULL,NULL,NULL),
(574,'147',NULL,'Akifa Farhana',NULL,'1411405200','P','Islam',NULL,NULL,NULL,'Anak',NULL,NULL,NULL,NULL,NULL),
(575,'148',NULL,'Karyo',NULL,'654195600','L','Islam',NULL,'Buruh Lepas Harian',NULL,'Suami',NULL,NULL,'1',NULL,'2018-02-13 13:46:46'),
(576,'148',NULL,'Munjiah',NULL,'652467600','P','Islam',NULL,'IRT',NULL,'Istri',NULL,NULL,NULL,NULL,NULL),
(577,'148',NULL,'Hanifah Tri Oktaviani',NULL,'1318266000','P','Islam',NULL,NULL,NULL,'Anak',NULL,NULL,NULL,NULL,NULL),
(578,'149',NULL,'Nuraisuroh',NULL,'87498000','L','Islam',NULL,'Wiraswasta',NULL,NULL,NULL,NULL,'1',NULL,NULL),
(579,'149',NULL,'Darusman',NULL,'403981200','L','Islam',NULL,'Wiraswasta',NULL,'Famili Lain',NULL,NULL,NULL,NULL,NULL),
(580,'150',NULL,'Ajat Sudrajat',NULL,'613155600','L','Islam',NULL,'Karyawan Swasta',NULL,'Suami',NULL,NULL,'1',NULL,'2018-02-13 14:06:15'),
(581,'150',NULL,'Jumanah',NULL,'524163600','P','Islam',NULL,'Karyawan Swasta',NULL,'Istri',NULL,NULL,NULL,NULL,NULL),
(582,'150',NULL,'Rehan Syahir Syeh',NULL,'1478019600','L','Islam',NULL,NULL,NULL,'Anak',NULL,NULL,NULL,NULL,NULL),
(583,'151',NULL,'Muniroh',NULL,'318445200','P','Islam',NULL,'Pedagang',NULL,NULL,NULL,NULL,'1',NULL,'2018-02-13 14:30:14'),
(584,'151',NULL,'Radit Firmanyah',NULL,'1216141200','L','Islam',NULL,'16-07-2008',NULL,'Anak',NULL,NULL,NULL,NULL,'2018-02-13 14:20:52'),
(585,'151',NULL,'Haikal Agustin',NULL,'1377018000','L','Islam',NULL,NULL,NULL,'Famili Lain',NULL,NULL,NULL,NULL,NULL),
(586,'152',NULL,'Suningsih',NULL,'-407230200','P','Islam',NULL,'IRT',NULL,'Istri',NULL,NULL,'1',NULL,NULL),
(587,'153',NULL,'Garry Satria Efendi',NULL,'513795600','L','Islam',NULL,'Wiraswasta',NULL,'Suami',NULL,NULL,'1',NULL,NULL),
(588,'153',NULL,'Nurul Janah',NULL,'502218000','P','Islam',NULL,'PNS',NULL,'Istri',NULL,NULL,NULL,NULL,NULL),
(589,'153',NULL,'Muhamad Aziz Hanugi Satria',NULL,'1266944400','L','Islam',NULL,NULL,NULL,'Anak',NULL,NULL,NULL,NULL,NULL),
(590,'154',NULL,'Epriyadi',NULL,'431197200','L','Islam',NULL,'Karyawan Swasta',NULL,'Suami',NULL,NULL,'1',NULL,NULL),
(591,'154',NULL,'Silviana Agustiana',NULL,'681584400','P','Islam',NULL,'IRT',NULL,'Istri',NULL,NULL,NULL,NULL,NULL),
(592,'154',NULL,'Muhammad Fatih Ramadhan',NULL,'1314032400','L','Islam',NULL,NULL,NULL,'Anak',NULL,NULL,NULL,NULL,NULL),
(593,'154',NULL,'Khayla Almira Friana',NULL,'1488387600','P','Islam',NULL,NULL,NULL,'Anak',NULL,NULL,NULL,NULL,NULL),
(594,'155',NULL,'Tohir',NULL,'-438939000','L','Islam',NULL,'Wiraswasta',NULL,'Suami',NULL,NULL,'1',NULL,'2018-02-13 14:39:01'),
(595,'155',NULL,'Hamsanah',NULL,'-383902200','P','Islam',NULL,'Wiraswasta',NULL,'Istri',NULL,NULL,NULL,NULL,NULL),
(596,'155',NULL,'Holili',NULL,'778784400','L','Islam',NULL,'Wiraswasta',NULL,'Anak',NULL,NULL,NULL,NULL,NULL),
(597,'156',NULL,'Irwan Kaberu',NULL,'-68454000','L','Islam',NULL,'Buruh Lepas Harian',NULL,'Suami',NULL,NULL,'1',NULL,NULL),
(598,'156',NULL,'Nur Hapsah',NULL,'-244107000','P','Islam',NULL,'Guru',NULL,'Istri',NULL,NULL,NULL,NULL,NULL),
(599,'156',NULL,'Andy Prasetya',NULL,'658170000','L','Islam',NULL,NULL,NULL,'Anak',NULL,NULL,NULL,NULL,NULL),
(600,'156',NULL,'Bari',NULL,'915901200','L','Islam',NULL,'PELAJAR/MAHASISWA',NULL,'Anak',NULL,NULL,NULL,NULL,NULL),
(601,'157',NULL,'Sumirat Fitri Laela',NULL,'213987600','P','Islam',NULL,'Karyawan Swasta',NULL,NULL,NULL,NULL,'1',NULL,NULL),
(602,'157',NULL,'Muhamad Akbar Prayoga',NULL,'995907600','L','Islam',NULL,'PELAJAR/MAHASISWA',NULL,'Anak',NULL,NULL,NULL,NULL,NULL),
(603,'158',NULL,'Muslim',NULL,'623523600','L','Islam',NULL,'Karyawan Swasta',NULL,'Suami',NULL,NULL,'1',NULL,'2018-02-13 15:12:53'),
(604,'158',NULL,'Selfi Yanti',NULL,'512931600','P','Islam',NULL,'IRT',NULL,'Istri',NULL,NULL,NULL,NULL,NULL),
(605,'158',NULL,'Bilal Muhammad Akbar',NULL,'1391360400','L','Islam',NULL,NULL,NULL,'Anak',NULL,NULL,NULL,NULL,NULL),
(606,'159',NULL,'Trismanto',NULL,'578077200','L','Islam',NULL,'Wiraswasta',NULL,'Suami',NULL,NULL,'1',NULL,NULL),
(607,'159',NULL,'Rohayah',NULL,'773600400','P','Islam',NULL,'IRT',NULL,'Istri',NULL,NULL,NULL,NULL,NULL),
(608,'159',NULL,'Asita Arasyi Alwaris',NULL,'1370624400','P','Islam',NULL,NULL,NULL,'Anak',NULL,NULL,NULL,NULL,NULL),
(609,'159',NULL,'Istikomah Tri Anjani',NULL,'1423501200','P','Islam',NULL,NULL,NULL,'Anak',NULL,NULL,NULL,NULL,NULL),
(610,'160',NULL,'Rofidin',NULL,'166035600','L','Islam',NULL,'Wiraswasta',NULL,NULL,NULL,NULL,'1',NULL,'2018-02-13 15:15:09'),
(611,'161',NULL,'Nur Rosita',NULL,'519238800','P','Islam',NULL,'Pedagang',NULL,NULL,NULL,NULL,'1',NULL,'2018-02-13 15:26:58'),
(612,'161',NULL,'Munjiah',NULL,'643136400','P','Islam',NULL,'IRT',NULL,'Famili Lain',NULL,NULL,NULL,NULL,NULL),
(615,'31',NULL,'Aris',NULL,'78512400','L','Islam',NULL,'Wiraswasta',NULL,'Suami',NULL,NULL,NULL,NULL,NULL);

/*Table structure for table `tb_wargas_copy` */

DROP TABLE IF EXISTS `tb_wargas_copy`;

CREATE TABLE `tb_wargas_copy` (
  `id` int(10) unsigned NOT NULL AUTO_INCREMENT,
  `id_kk` varchar(10) COLLATE utf8mb4_unicode_ci NOT NULL,
  `nama` varchar(50) COLLATE utf8mb4_unicode_ci NOT NULL,
  `pob` varchar(50) COLLATE utf8mb4_unicode_ci DEFAULT NULL,
  `dob` varchar(50) COLLATE utf8mb4_unicode_ci DEFAULT NULL,
  `jk` varchar(20) COLLATE utf8mb4_unicode_ci DEFAULT NULL,
  `agama` varchar(50) COLLATE utf8mb4_unicode_ci DEFAULT NULL,
  `pendidikan` varchar(100) COLLATE utf8mb4_unicode_ci DEFAULT NULL,
  `pekerjaan` varchar(100) COLLATE utf8mb4_unicode_ci DEFAULT NULL,
  `status` varchar(50) COLLATE utf8mb4_unicode_ci DEFAULT NULL,
  `hub` varchar(50) COLLATE utf8mb4_unicode_ci DEFAULT NULL,
  `nayah` varchar(100) COLLATE utf8mb4_unicode_ci DEFAULT NULL,
  `nibu` varchar(100) COLLATE utf8mb4_unicode_ci DEFAULT NULL,
  `kk` varchar(5) COLLATE utf8mb4_unicode_ci NOT NULL,
  `created_at` timestamp NULL DEFAULT NULL,
  `updated_at` timestamp NULL DEFAULT NULL,
  PRIMARY KEY (`id`)
) ENGINE=InnoDB AUTO_INCREMENT=472 DEFAULT CHARSET=utf8mb4 COLLATE=utf8mb4_unicode_ci;

/*Data for the table `tb_wargas_copy` */

insert  into `tb_wargas_copy` values 
(1,'1','Aan Andriawan',NULL,'290278800',NULL,NULL,NULL,NULL,NULL,NULL,NULL,NULL,'',NULL,NULL),
(2,'1','Rohilah',NULL,'552502800',NULL,NULL,NULL,NULL,NULL,NULL,NULL,NULL,'',NULL,NULL),
(3,'1','Ibrahim Andriawan',NULL,'1237568400',NULL,NULL,NULL,NULL,NULL,NULL,NULL,NULL,'',NULL,NULL),
(4,'2','Abdul Adim',NULL,'-1117609200',NULL,NULL,NULL,NULL,NULL,NULL,NULL,NULL,'',NULL,NULL),
(5,'2','Siti Aeniyah',NULL,'-541407600',NULL,NULL,NULL,NULL,NULL,NULL,NULL,NULL,'',NULL,NULL),
(6,'2','Indah Kurniawati',NULL,'502045200',NULL,NULL,NULL,NULL,NULL,NULL,NULL,NULL,'',NULL,NULL),
(7,'2','Umi Ruhama',NULL,'578336400',NULL,NULL,NULL,NULL,NULL,NULL,NULL,NULL,'',NULL,NULL),
(8,'2','Nihayatul Husna',NULL,'631126800',NULL,NULL,NULL,NULL,NULL,NULL,NULL,NULL,'',NULL,NULL),
(9,'3','Abdul Syukur',NULL,'-769676400',NULL,NULL,NULL,NULL,NULL,NULL,NULL,NULL,'',NULL,NULL),
(10,'3','Rosifah',NULL,'-297673200',NULL,NULL,NULL,NULL,NULL,NULL,NULL,NULL,'',NULL,NULL),
(11,'3','Rofidin',NULL,'166035600',NULL,NULL,NULL,NULL,NULL,NULL,NULL,NULL,'',NULL,NULL),
(12,'3','Ali Rohim',NULL,'429728400',NULL,NULL,NULL,NULL,NULL,NULL,NULL,NULL,'',NULL,NULL),
(13,'3','Muhammad Amir',NULL,'511030800',NULL,NULL,NULL,NULL,NULL,NULL,NULL,NULL,'',NULL,NULL),
(14,'4','Abu Bakar',NULL,'198349200',NULL,NULL,NULL,NULL,NULL,NULL,NULL,NULL,'',NULL,NULL),
(15,'4','Erni Wati',NULL,'229885200',NULL,NULL,NULL,NULL,NULL,NULL,NULL,NULL,'',NULL,NULL),
(16,'4','Mutiara N.Q.',NULL,'971283600',NULL,NULL,NULL,NULL,NULL,NULL,NULL,NULL,'',NULL,NULL),
(17,'4','Putri Lestari',NULL,'1228755600',NULL,NULL,NULL,NULL,NULL,NULL,NULL,NULL,'',NULL,NULL),
(18,'4','Sanawiah',NULL,'595184400',NULL,NULL,NULL,NULL,NULL,NULL,NULL,NULL,'',NULL,NULL),
(19,'4','Siti Mariam',NULL,'620758800',NULL,NULL,NULL,NULL,NULL,NULL,NULL,NULL,'',NULL,NULL),
(20,'5','Achmad Suhiyadi',NULL,'295635600',NULL,NULL,NULL,NULL,NULL,NULL,NULL,NULL,'',NULL,NULL),
(21,'5','Desi Yulianti',NULL,'-252918000',NULL,NULL,NULL,NULL,NULL,NULL,NULL,NULL,'',NULL,NULL),
(22,'5','Khanza Rizka Azzahra',NULL,'1249059600',NULL,NULL,NULL,NULL,NULL,NULL,NULL,NULL,'',NULL,NULL),
(23,'5','Rahes Azizan',NULL,'1348074000',NULL,NULL,NULL,NULL,NULL,NULL,NULL,NULL,'',NULL,NULL),
(24,'6','Ade Darnawan',NULL,'186771600',NULL,NULL,NULL,NULL,NULL,NULL,NULL,NULL,'',NULL,NULL),
(25,'6','Sri Mulati',NULL,'-251103600',NULL,NULL,NULL,NULL,NULL,NULL,NULL,NULL,'',NULL,NULL),
(26,'6','Hairani Rohi',NULL,'1011546000',NULL,NULL,NULL,NULL,NULL,NULL,NULL,NULL,'',NULL,NULL),
(27,'6','Rayan Salamun Khaiz',NULL,'1293296400',NULL,NULL,NULL,NULL,NULL,NULL,NULL,NULL,'',NULL,NULL),
(28,'6','Rina Dewi Melati',NULL,'460659600',NULL,NULL,NULL,NULL,NULL,NULL,NULL,NULL,'',NULL,NULL),
(29,'6','Joko Tetuko',NULL,'607021200',NULL,NULL,NULL,NULL,NULL,NULL,NULL,NULL,'',NULL,NULL),
(30,'7','Ade Muainudin',NULL,'236970000',NULL,NULL,NULL,NULL,NULL,NULL,NULL,NULL,'',NULL,NULL),
(31,'7','Rena Afriani',NULL,'318704400',NULL,NULL,NULL,NULL,NULL,NULL,NULL,NULL,'',NULL,NULL),
(32,'7','Robiatul Jannah',NULL,'1054659600',NULL,NULL,NULL,NULL,NULL,NULL,NULL,NULL,'',NULL,NULL),
(33,'7','Muhammad Firdaus',NULL,'1279558800',NULL,NULL,NULL,NULL,NULL,NULL,NULL,NULL,'',NULL,NULL),
(34,'8','Aditya Rahman',NULL,'481741200',NULL,NULL,NULL,NULL,NULL,NULL,NULL,NULL,'',NULL,NULL),
(35,'8','Eka Dewi Saptiana Aprianti',NULL,'450723600',NULL,NULL,NULL,NULL,NULL,NULL,NULL,NULL,'',NULL,NULL),
(36,'8','Janeeta Khairunnisa',NULL,'1278435600',NULL,NULL,NULL,NULL,NULL,NULL,NULL,NULL,'',NULL,NULL),
(37,'9','Agus Setiawan',NULL,'587926800',NULL,NULL,NULL,NULL,NULL,NULL,NULL,NULL,'',NULL,NULL),
(38,'9','Nuraini mita Asari',NULL,'491936400',NULL,NULL,NULL,NULL,NULL,NULL,NULL,NULL,'',NULL,NULL),
(39,'9','Dikha Setiawan',NULL,'1355418000',NULL,NULL,NULL,NULL,NULL,NULL,NULL,NULL,'',NULL,NULL),
(40,'10','Agus Suhaemi',NULL,'239994000',NULL,NULL,NULL,NULL,NULL,NULL,NULL,NULL,'',NULL,NULL),
(41,'10','Suaminah',NULL,'411238800',NULL,NULL,NULL,NULL,NULL,NULL,NULL,NULL,'',NULL,NULL),
(42,'10','Muhammad Alif Fatahillah',NULL,'1078506000',NULL,NULL,NULL,NULL,NULL,NULL,NULL,NULL,'',NULL,NULL),
(43,'10','Nur Sayfullah',NULL,'1181408400',NULL,NULL,NULL,NULL,NULL,NULL,NULL,NULL,'',NULL,NULL),
(44,'11','Ahmad Fadly',NULL,'303584400',NULL,NULL,NULL,NULL,NULL,NULL,NULL,NULL,'',NULL,NULL),
(45,'11','Eva Yuliana',NULL,'348771600',NULL,NULL,NULL,NULL,NULL,NULL,NULL,NULL,'',NULL,NULL),
(46,'11','M. Armand Al-Fariz',NULL,'1182099600',NULL,NULL,NULL,NULL,NULL,NULL,NULL,NULL,'',NULL,NULL),
(47,'12','Ahmad Mas\'ud',NULL,'-282639600',NULL,NULL,NULL,NULL,NULL,NULL,NULL,NULL,'',NULL,NULL),
(48,'12','Marriyatul Qistiyah',NULL,'591901200',NULL,NULL,NULL,NULL,NULL,NULL,NULL,NULL,'',NULL,NULL),
(49,'12','Niza Puspita Sari',NULL,'983034000',NULL,NULL,NULL,NULL,NULL,NULL,NULL,NULL,'',NULL,NULL),
(50,'12','Ruwaida',NULL,'1123434000',NULL,NULL,NULL,NULL,NULL,NULL,NULL,NULL,'',NULL,NULL),
(51,'13','Ahmad Sopan Sopian',NULL,'-231404400',NULL,NULL,NULL,NULL,NULL,NULL,NULL,NULL,'',NULL,NULL),
(52,'13','Dian Nuryanti',NULL,'512931600',NULL,NULL,NULL,NULL,NULL,NULL,NULL,NULL,'',NULL,NULL),
(53,'13','Muhammad Fazri',NULL,'1268931600',NULL,NULL,NULL,NULL,NULL,NULL,NULL,NULL,'',NULL,NULL),
(54,'14','Ahmad Taufik',NULL,'268246800',NULL,NULL,NULL,NULL,NULL,NULL,NULL,NULL,'',NULL,NULL),
(55,'14','Hartati',NULL,'286736400',NULL,NULL,NULL,NULL,NULL,NULL,NULL,NULL,'',NULL,NULL),
(56,'14','Ahmadi',NULL,'971370000',NULL,NULL,NULL,NULL,NULL,NULL,NULL,NULL,'',NULL,NULL),
(57,'14','Intan Dwi Amura',NULL,'1133974800',NULL,NULL,NULL,NULL,NULL,NULL,NULL,NULL,'',NULL,NULL),
(58,'14','Andini Tri Mulyani',NULL,'1264352400',NULL,NULL,NULL,NULL,NULL,NULL,NULL,NULL,'',NULL,NULL),
(59,'15','Ajib',NULL,'-465462000',NULL,NULL,NULL,NULL,NULL,NULL,NULL,NULL,'',NULL,NULL),
(60,'15','Siti Hafidoh',NULL,'-368780400',NULL,NULL,NULL,NULL,NULL,NULL,NULL,NULL,'',NULL,NULL),
(61,'15','Muhammad Azmi',NULL,'1342458000',NULL,NULL,NULL,NULL,NULL,NULL,NULL,NULL,'',NULL,NULL),
(62,'16','Ali Umar',NULL,'-487407600',NULL,NULL,NULL,NULL,NULL,NULL,NULL,NULL,'',NULL,NULL),
(63,'16','Nurhayati',NULL,'-196153200',NULL,NULL,NULL,NULL,NULL,NULL,NULL,NULL,'',NULL,NULL),
(64,'16','Juliet Anggara',NULL,'537901200',NULL,NULL,NULL,NULL,NULL,NULL,NULL,NULL,'',NULL,NULL),
(65,'16','Fadri Yanto',NULL,'635187600',NULL,NULL,NULL,NULL,NULL,NULL,NULL,NULL,'',NULL,NULL),
(66,'17','Ali Usman',NULL,'184093200',NULL,NULL,NULL,NULL,NULL,NULL,NULL,NULL,'',NULL,NULL),
(67,'17','Nurkhayati',NULL,'214160400',NULL,NULL,NULL,NULL,NULL,NULL,NULL,NULL,'',NULL,NULL),
(68,'17','Ikhsanul Usman',NULL,'1270400400',NULL,NULL,NULL,NULL,NULL,NULL,NULL,NULL,'',NULL,NULL),
(69,'17','Hafizul Usman',NULL,'77389200',NULL,NULL,NULL,NULL,NULL,NULL,NULL,NULL,'',NULL,NULL),
(70,'18','Amran',NULL,'-34239600',NULL,NULL,NULL,NULL,NULL,NULL,NULL,NULL,'',NULL,NULL),
(71,'18','Murti',NULL,'-48668400',NULL,NULL,NULL,NULL,NULL,NULL,NULL,NULL,'',NULL,NULL),
(72,'18','Wahyu Angita',NULL,'1082134800',NULL,NULL,NULL,NULL,NULL,NULL,NULL,NULL,'',NULL,NULL),
(73,'18','Niken Amelia',NULL,'1113152400',NULL,NULL,NULL,NULL,NULL,NULL,NULL,NULL,'',NULL,NULL),
(74,'18','Citra Ramadani',NULL,'1191862800',NULL,NULL,NULL,NULL,NULL,NULL,NULL,NULL,'',NULL,NULL),
(75,'19','Andi Sugiarto',NULL,'170874000',NULL,NULL,NULL,NULL,NULL,NULL,NULL,NULL,'',NULL,NULL),
(76,'19','Hamidah',NULL,'243277200',NULL,NULL,NULL,NULL,NULL,NULL,NULL,NULL,'',NULL,NULL),
(77,'19','Muhammad Fairuz Nursyahid Ramadhan',NULL,'1220461200',NULL,NULL,NULL,NULL,NULL,NULL,NULL,NULL,'',NULL,NULL),
(78,'20','Ari Wibowo',NULL,'542998800',NULL,NULL,NULL,NULL,NULL,NULL,NULL,NULL,'',NULL,NULL),
(79,'20','Suwarti',NULL,'535482000',NULL,NULL,NULL,NULL,NULL,NULL,NULL,NULL,'',NULL,NULL),
(80,'20','Riska Ananda Susilowati',NULL,'1141146000',NULL,NULL,NULL,NULL,NULL,NULL,NULL,NULL,'',NULL,NULL),
(81,'20','Gladis Oktaviana Arianti',NULL,'1255021200',NULL,NULL,NULL,NULL,NULL,NULL,NULL,NULL,'',NULL,NULL),
(82,'20','Aqilla Wahu Putri Listiowati',NULL,'1042477200',NULL,NULL,NULL,NULL,NULL,NULL,NULL,NULL,'',NULL,NULL),
(83,'21','Arifin',NULL,'166899600',NULL,NULL,NULL,NULL,NULL,NULL,NULL,NULL,'',NULL,NULL),
(84,'21','Nurul Hidayati',NULL,'-274950000',NULL,NULL,NULL,NULL,NULL,NULL,NULL,NULL,'',NULL,NULL),
(85,'21','Rangga Arnur',NULL,'1020186000',NULL,NULL,NULL,NULL,NULL,NULL,NULL,NULL,'',NULL,NULL),
(86,'22','Asep Arif Rahman',NULL,'741286800',NULL,NULL,NULL,NULL,NULL,NULL,NULL,NULL,'',NULL,NULL),
(87,'22','Reni Anggraini',NULL,'477766800',NULL,NULL,NULL,NULL,NULL,NULL,NULL,NULL,'',NULL,NULL),
(88,'22','Zahra Kamilia Rahman',NULL,'1334682000',NULL,NULL,NULL,NULL,NULL,NULL,NULL,NULL,'',NULL,NULL),
(89,'22','Zafirah Aulia Rahman',NULL,'1399654800',NULL,NULL,NULL,NULL,NULL,NULL,NULL,NULL,'',NULL,NULL),
(90,'23','Asep Suherman',NULL,'92682000',NULL,NULL,NULL,NULL,NULL,NULL,NULL,NULL,'',NULL,NULL),
(91,'23','Eny Sugiatni',NULL,'285354000',NULL,NULL,NULL,NULL,NULL,NULL,NULL,NULL,'',NULL,NULL),
(92,'23','Mutia Uli Nuha',NULL,'787510800',NULL,NULL,NULL,NULL,NULL,NULL,NULL,NULL,'',NULL,NULL),
(93,'24','Azwar ST. Mansyur',NULL,'-514796400',NULL,NULL,NULL,NULL,NULL,NULL,NULL,NULL,'',NULL,NULL),
(94,'24','Heriati',NULL,'-385887600',NULL,NULL,NULL,NULL,NULL,NULL,NULL,NULL,'',NULL,NULL),
(95,'24','Yulfi Cahyadi',NULL,'415126800',NULL,NULL,NULL,NULL,NULL,NULL,NULL,NULL,'',NULL,NULL),
(96,'24','Rina Amelia',NULL,'514054800',NULL,NULL,NULL,NULL,NULL,NULL,NULL,NULL,'',NULL,NULL),
(97,'25','Bastari',NULL,'-367311600',NULL,NULL,NULL,NULL,NULL,NULL,NULL,NULL,'',NULL,NULL),
(98,'25','Indah Kurniawati',NULL,'501786000',NULL,NULL,NULL,NULL,NULL,NULL,NULL,NULL,'',NULL,NULL),
(99,'25','Abdul Karim Ramadhan',NULL,'1307552400',NULL,NULL,NULL,NULL,NULL,NULL,NULL,NULL,'',NULL,NULL),
(100,'26','Burhan A. Rahman',NULL,'-158655600',NULL,NULL,NULL,NULL,NULL,NULL,NULL,NULL,'',NULL,NULL),
(101,'26','Sufianingsih',NULL,'75747600',NULL,NULL,NULL,NULL,NULL,NULL,NULL,NULL,'',NULL,NULL),
(102,'26','Salsabila',NULL,'1150736400',NULL,NULL,NULL,NULL,NULL,NULL,NULL,NULL,'',NULL,NULL),
(103,'27','Cece',NULL,'-146732400',NULL,NULL,NULL,NULL,NULL,NULL,NULL,NULL,'',NULL,NULL),
(104,'27','Tuti Hendrawati',NULL,'-86511600',NULL,NULL,NULL,NULL,NULL,NULL,NULL,NULL,'',NULL,NULL),
(105,'27','Desir Purnama Sari',NULL,'629658000',NULL,NULL,NULL,NULL,NULL,NULL,NULL,NULL,'',NULL,NULL),
(106,'27','Novianti',NULL,'753728400',NULL,NULL,NULL,NULL,NULL,NULL,NULL,NULL,'',NULL,NULL),
(107,'27','Devi Herawati',NULL,'978541200',NULL,NULL,NULL,NULL,NULL,NULL,NULL,NULL,'',NULL,NULL),
(108,'28','Damsik',NULL,'-172825200',NULL,NULL,NULL,NULL,NULL,NULL,NULL,NULL,'',NULL,NULL),
(109,'28','Masaliyah',NULL,'5158800',NULL,NULL,NULL,NULL,NULL,NULL,NULL,NULL,'',NULL,NULL),
(110,'28','Dimas Arianto',NULL,'601318800',NULL,NULL,NULL,NULL,NULL,NULL,NULL,NULL,'',NULL,NULL),
(111,'28','Dinda Maryati',NULL,'715453200',NULL,NULL,NULL,NULL,NULL,NULL,NULL,NULL,'',NULL,NULL),
(112,'28','Ikka Leviani',NULL,'778438800',NULL,NULL,NULL,NULL,NULL,NULL,NULL,NULL,'',NULL,NULL),
(113,'29','Daniel Limbong Sihole',NULL,'-606553200',NULL,NULL,NULL,NULL,NULL,NULL,NULL,NULL,'',NULL,NULL),
(114,'29','Elizabeth Simarta',NULL,'-170492400',NULL,NULL,NULL,NULL,NULL,NULL,NULL,NULL,'',NULL,NULL),
(115,'29','Ricky Limbong Sihole',NULL,'567363600',NULL,NULL,NULL,NULL,NULL,NULL,NULL,NULL,'',NULL,NULL),
(116,'29','Felix Ganda Saputra Limbong Sihole',NULL,'578250000',NULL,NULL,NULL,NULL,NULL,NULL,NULL,NULL,'',NULL,NULL),
(117,'29','Perawati Limbong Sihole',NULL,'720896400',NULL,NULL,NULL,NULL,NULL,NULL,NULL,NULL,'',NULL,NULL),
(118,'29','Asep Limbong Sihole',NULL,'796410000',NULL,NULL,NULL,NULL,NULL,NULL,NULL,NULL,'',NULL,NULL),
(119,'29','Dumaria Limbong Sihole',NULL,'974480400',NULL,NULL,NULL,NULL,NULL,NULL,NULL,NULL,'',NULL,NULL),
(120,'30','Dasim Sanjaya',NULL,'439232400',NULL,NULL,NULL,NULL,NULL,NULL,NULL,NULL,'',NULL,NULL),
(121,'30','Jummiati',NULL,'410893200',NULL,NULL,NULL,NULL,NULL,NULL,NULL,NULL,'',NULL,NULL),
(122,'30','Rizkiya Vanya Adesa',NULL,'1398531600',NULL,NULL,NULL,NULL,NULL,NULL,NULL,NULL,'',NULL,NULL),
(123,'31','Dede Sukmawan',NULL,'387565200',NULL,NULL,NULL,NULL,NULL,NULL,NULL,NULL,'',NULL,NULL),
(124,'31','Elin Marlina',NULL,'-2209186800',NULL,NULL,NULL,NULL,NULL,NULL,NULL,NULL,'',NULL,NULL),
(125,'32','Deden Mardani',NULL,'620154000',NULL,NULL,NULL,NULL,NULL,NULL,NULL,NULL,'',NULL,NULL),
(126,'32','Siti Nurhidayah',NULL,'497725200',NULL,NULL,NULL,NULL,NULL,NULL,NULL,NULL,'',NULL,NULL),
(127,'33','Dedi Sofyan',NULL,'456512400',NULL,NULL,NULL,NULL,NULL,NULL,NULL,NULL,'',NULL,NULL),
(128,'33','Asiah Nurlaila',NULL,'605811600',NULL,NULL,NULL,NULL,NULL,NULL,NULL,NULL,'',NULL,NULL),
(129,'33','Fanes Nuraini',NULL,'1292864400',NULL,NULL,NULL,NULL,NULL,NULL,NULL,NULL,'',NULL,NULL),
(130,'33','Tiara Dwi Putri',NULL,'1338138000',NULL,NULL,NULL,NULL,NULL,NULL,NULL,NULL,'',NULL,NULL),
(131,'34','Dian Agus Wiyanto',NULL,'481050000',NULL,NULL,NULL,NULL,NULL,NULL,NULL,NULL,'',NULL,NULL),
(132,'34','Ravy Juli Wiyanto',NULL,'804704400',NULL,NULL,NULL,NULL,NULL,NULL,NULL,NULL,'',NULL,NULL),
(133,'34','Ricky Septiawan',NULL,'834944400',NULL,NULL,NULL,NULL,NULL,NULL,NULL,NULL,'',NULL,NULL),
(134,'34','Dicky Zulkarbaen',NULL,'964630800',NULL,NULL,NULL,NULL,NULL,NULL,NULL,NULL,'',NULL,NULL),
(135,'35','Dudy Djuandi',NULL,'-631954800',NULL,NULL,NULL,NULL,NULL,NULL,NULL,NULL,'',NULL,NULL),
(136,'35','Futuhiyat',NULL,'-625042800',NULL,NULL,NULL,NULL,NULL,NULL,NULL,NULL,'',NULL,NULL),
(137,'35','Mila Candrayani',NULL,'157136400',NULL,NULL,NULL,NULL,NULL,NULL,NULL,NULL,'',NULL,NULL),
(138,'35','Lyna Layina',NULL,'228762000',NULL,NULL,NULL,NULL,NULL,NULL,NULL,NULL,'',NULL,NULL),
(139,'35','Lisa faryani',NULL,'284576400',NULL,NULL,NULL,NULL,NULL,NULL,NULL,NULL,'',NULL,NULL),
(140,'35','Dian Octoria',NULL,'341514000',NULL,NULL,NULL,NULL,NULL,NULL,NULL,NULL,'',NULL,NULL),
(141,'35','Rizky Zumblath',NULL,'400698000',NULL,NULL,NULL,NULL,NULL,NULL,NULL,NULL,'',NULL,NULL),
(142,'36','Dwi Wahyu Indra Kurniawan',NULL,'143658000',NULL,NULL,NULL,NULL,NULL,NULL,NULL,NULL,'',NULL,NULL),
(143,'36','Sumiyati',NULL,'323629200',NULL,NULL,NULL,NULL,NULL,NULL,NULL,NULL,'',NULL,NULL),
(144,'36','Aisyah Rahmadhani',NULL,'1190307600',NULL,NULL,NULL,NULL,NULL,NULL,NULL,NULL,'',NULL,NULL),
(145,'36','Muhammad Al Fajri',NULL,'1301763600',NULL,NULL,NULL,NULL,NULL,NULL,NULL,NULL,'',NULL,NULL),
(146,'37','Edi Suhedi',NULL,'257101200',NULL,NULL,NULL,NULL,NULL,NULL,NULL,NULL,'',NULL,NULL),
(147,'37','Nur Asiah',NULL,'446749200',NULL,NULL,NULL,NULL,NULL,NULL,NULL,NULL,'',NULL,NULL),
(148,'37','Widya',NULL,'1025888400',NULL,NULL,NULL,NULL,NULL,NULL,NULL,NULL,'',NULL,NULL),
(149,'37','Jamaludin Pratama',NULL,'1027270800',NULL,NULL,NULL,NULL,NULL,NULL,NULL,NULL,'',NULL,NULL),
(150,'37','Ilham Dwi Ramadhan',NULL,'1100019600',NULL,NULL,NULL,NULL,NULL,NULL,NULL,NULL,'',NULL,NULL),
(151,'37','Abbdullah Putteh',NULL,'1353690000',NULL,NULL,NULL,NULL,NULL,NULL,NULL,NULL,'',NULL,NULL),
(152,'38','Efendi',NULL,'297968400',NULL,NULL,NULL,NULL,NULL,NULL,NULL,NULL,'',NULL,NULL),
(153,'38','Ervita Sari',NULL,'656442000',NULL,NULL,NULL,NULL,NULL,NULL,NULL,NULL,'',NULL,NULL),
(154,'38','Narra Vamela Sari',NULL,'1143997200',NULL,NULL,NULL,NULL,NULL,NULL,NULL,NULL,'',NULL,NULL),
(155,'39','Emaniah',NULL,'-675759600',NULL,NULL,NULL,NULL,NULL,NULL,NULL,NULL,'',NULL,NULL),
(156,'39','Ana Karnina',NULL,'465411600',NULL,NULL,NULL,NULL,NULL,NULL,NULL,NULL,'',NULL,NULL),
(157,'39','Hartanto',NULL,'372790800',NULL,NULL,NULL,NULL,NULL,NULL,NULL,NULL,'',NULL,NULL),
(158,'39','Juheni',NULL,'426963600',NULL,NULL,NULL,NULL,NULL,NULL,NULL,NULL,'',NULL,NULL),
(159,'40','Endang Syarifudin',NULL,'-694508400',NULL,NULL,NULL,NULL,NULL,NULL,NULL,NULL,'',NULL,NULL),
(160,'40','Tuti Alawyah',NULL,'-331023600',NULL,NULL,NULL,NULL,NULL,NULL,NULL,NULL,'',NULL,NULL),
(161,'40','Herni Noor Oktaviani',NULL,'-228812400',NULL,NULL,NULL,NULL,NULL,NULL,NULL,NULL,'',NULL,NULL),
(162,'40','Hendra Hermawan',NULL,'563302800',NULL,NULL,NULL,NULL,NULL,NULL,NULL,NULL,'',NULL,NULL),
(163,'41','Eri Mulyani',NULL,'590518800',NULL,NULL,NULL,NULL,NULL,NULL,NULL,NULL,'',NULL,NULL),
(164,'42','Fadillah',NULL,'189018000',NULL,NULL,NULL,NULL,NULL,NULL,NULL,NULL,'',NULL,NULL),
(165,'42','Farah Safitri',NULL,'198954000',NULL,NULL,NULL,NULL,NULL,NULL,NULL,NULL,'',NULL,NULL),
(166,'42','Fatihah Nabila Fasa',NULL,'1127322000',NULL,NULL,NULL,NULL,NULL,NULL,NULL,NULL,'',NULL,NULL),
(167,'42','Khalil Badra Fasa',NULL,'1254070800',NULL,NULL,NULL,NULL,NULL,NULL,NULL,NULL,'',NULL,NULL),
(168,'43','Fahmi Yudi Fadillah',NULL,'295635600',NULL,NULL,NULL,NULL,NULL,NULL,NULL,NULL,'',NULL,NULL),
(169,'43','Yulia Mustikasari',NULL,'-235551600',NULL,NULL,NULL,NULL,NULL,NULL,NULL,NULL,'',NULL,NULL),
(170,'43','Farah Aprilia Fadillah',NULL,'954867600',NULL,NULL,NULL,NULL,NULL,NULL,NULL,NULL,'',NULL,NULL),
(171,'43','Fairuz Dwi Yanuar Fadillah',NULL,'1294506000',NULL,NULL,NULL,NULL,NULL,NULL,NULL,NULL,'',NULL,NULL),
(172,'44','Feny Daryani',NULL,'402598800',NULL,NULL,NULL,NULL,NULL,NULL,NULL,NULL,'',NULL,NULL),
(173,'44','Daniel Maulana',NULL,'1114621200',NULL,NULL,NULL,NULL,NULL,NULL,NULL,NULL,'',NULL,NULL),
(174,'44','Dwi Andika',NULL,'1147798800',NULL,NULL,NULL,NULL,NULL,NULL,NULL,NULL,'',NULL,NULL),
(175,'45','Fero',NULL,'334515600',NULL,NULL,NULL,NULL,NULL,NULL,NULL,NULL,'',NULL,NULL),
(176,'45','Ningsih Asaroh',NULL,'352832400',NULL,NULL,NULL,NULL,NULL,NULL,NULL,NULL,'',NULL,NULL),
(177,'45','Feronika Amelia Rizqi',NULL,'1064941200',NULL,NULL,NULL,NULL,NULL,NULL,NULL,NULL,'',NULL,NULL),
(178,'45','Al Rull Falen',NULL,'1240592400',NULL,NULL,NULL,NULL,NULL,NULL,NULL,NULL,'',NULL,NULL),
(179,'45','Putri Aikrusita',NULL,'1284397200',NULL,NULL,NULL,NULL,NULL,NULL,NULL,NULL,'',NULL,NULL),
(180,'45','Imas Sulastri',NULL,'1416675600',NULL,NULL,NULL,NULL,NULL,NULL,NULL,NULL,'',NULL,NULL),
(181,'46','Firmansyah',NULL,'38509200',NULL,NULL,NULL,NULL,NULL,NULL,NULL,NULL,'',NULL,NULL),
(182,'46','Eli Sugiarti',NULL,'248634000',NULL,NULL,NULL,NULL,NULL,NULL,NULL,NULL,'',NULL,NULL),
(183,'46','Muhamad Novan',NULL,'784573200',NULL,NULL,NULL,NULL,NULL,NULL,NULL,NULL,'',NULL,NULL),
(184,'46','Deni Apriyan',NULL,'892486800',NULL,NULL,NULL,NULL,NULL,NULL,NULL,NULL,'',NULL,NULL),
(185,'46','M.Akbar',NULL,'1071421200',NULL,NULL,NULL,NULL,NULL,NULL,NULL,NULL,'',NULL,NULL),
(186,'47','Firman Pribadi Fauzi',NULL,'486579600',NULL,NULL,NULL,NULL,NULL,NULL,NULL,NULL,'',NULL,NULL),
(187,'47','Dinda Nadzia',NULL,'534790800',NULL,NULL,NULL,NULL,NULL,NULL,NULL,NULL,'',NULL,NULL),
(188,'48','Gibson',NULL,'-564476400',NULL,NULL,NULL,NULL,NULL,NULL,NULL,NULL,'',NULL,NULL),
(189,'48','Iis Herawati',NULL,'-27241200',NULL,NULL,NULL,NULL,NULL,NULL,NULL,NULL,'',NULL,NULL),
(190,'48','Gracia Agustina',NULL,'839955600',NULL,NULL,NULL,NULL,NULL,NULL,NULL,NULL,'',NULL,NULL),
(191,'48','Alan Sky',NULL,'1243270800',NULL,NULL,NULL,NULL,NULL,NULL,NULL,NULL,'',NULL,NULL),
(192,'49','Gunada',NULL,'-759135600',NULL,NULL,NULL,NULL,NULL,NULL,NULL,NULL,'',NULL,NULL),
(193,'49','Maryanto',NULL,'171219600',NULL,NULL,NULL,NULL,NULL,NULL,NULL,NULL,'',NULL,NULL),
(194,'50','Hamsin',NULL,'-487407600',NULL,NULL,NULL,NULL,NULL,NULL,NULL,NULL,'',NULL,NULL),
(195,'50','Salomah',NULL,'-327481200',NULL,NULL,NULL,NULL,NULL,NULL,NULL,NULL,'',NULL,NULL),
(196,'50','Siti Hafidoh',NULL,'514832400',NULL,NULL,NULL,NULL,NULL,NULL,NULL,NULL,'',NULL,NULL),
(197,'50','Siti Hamjiah',NULL,'583261200',NULL,NULL,NULL,NULL,NULL,NULL,NULL,NULL,'',NULL,NULL),
(198,'50','Rizky Saputra Hidayat',NULL,'639075600',NULL,NULL,NULL,NULL,NULL,NULL,NULL,NULL,'',NULL,NULL),
(199,'50','Dewi Kurniasih',NULL,'710182800',NULL,NULL,NULL,NULL,NULL,NULL,NULL,NULL,'',NULL,NULL),
(200,'51','Hasan Kardi',NULL,'-334652400',NULL,NULL,NULL,NULL,NULL,NULL,NULL,NULL,'',NULL,NULL),
(201,'51','Sugiarti',NULL,'-355302000',NULL,NULL,NULL,NULL,NULL,NULL,NULL,NULL,'',NULL,NULL),
(202,'51','Soni Santosa',NULL,'420656400',NULL,NULL,NULL,NULL,NULL,NULL,NULL,NULL,'',NULL,NULL),
(203,'51','Eki Sujana',NULL,'757357200',NULL,NULL,NULL,NULL,NULL,NULL,NULL,NULL,'',NULL,NULL),
(204,'52','Hawasi',NULL,'507142800',NULL,NULL,NULL,NULL,NULL,NULL,NULL,NULL,'',NULL,NULL),
(205,'52','Lena Ismayani',NULL,'-77007600',NULL,NULL,NULL,NULL,NULL,NULL,NULL,NULL,'',NULL,NULL),
(206,'52','Aqila Qaisara',NULL,'1382374800',NULL,NULL,NULL,NULL,NULL,NULL,NULL,NULL,'',NULL,NULL),
(207,'53','Helpi',NULL,'-411462000',NULL,NULL,NULL,NULL,NULL,NULL,NULL,NULL,'',NULL,NULL),
(208,'53','Rosmaidah',NULL,'91126800',NULL,NULL,NULL,NULL,NULL,NULL,NULL,NULL,'',NULL,NULL),
(209,'53','Mutia Maifi',NULL,'777834000',NULL,NULL,NULL,NULL,NULL,NULL,NULL,NULL,'',NULL,NULL),
(210,'53','Kenzia Picha Naifi',NULL,'906570000',NULL,NULL,NULL,NULL,NULL,NULL,NULL,NULL,'',NULL,NULL),
(211,'53','Samsidar',NULL,'-775292400',NULL,NULL,NULL,NULL,NULL,NULL,NULL,NULL,'',NULL,NULL),
(212,'54','Heri Hermawan',NULL,'-52210800',NULL,NULL,NULL,NULL,NULL,NULL,NULL,NULL,'',NULL,NULL),
(213,'54','Tri Lusiani',NULL,'694198800',NULL,NULL,NULL,NULL,NULL,NULL,NULL,NULL,'',NULL,NULL),
(214,'54','Dadang Nasruloh',NULL,'226256400',NULL,NULL,NULL,NULL,NULL,NULL,NULL,NULL,'',NULL,NULL),
(215,'55','Heri Supriyanto',NULL,'-201164400',NULL,NULL,NULL,NULL,NULL,NULL,NULL,NULL,'',NULL,NULL),
(216,'55','Minarsih',NULL,'272048400',NULL,NULL,NULL,NULL,NULL,NULL,NULL,NULL,'',NULL,NULL),
(217,'55','Juwita Putri Megasari',NULL,'866653200',NULL,NULL,NULL,NULL,NULL,NULL,NULL,NULL,'',NULL,NULL),
(218,'55','Noval Ardiyansyah',NULL,'1069952400',NULL,NULL,NULL,NULL,NULL,NULL,NULL,NULL,'',NULL,NULL),
(219,'55','Oki Irvando',NULL,'1161277200',NULL,NULL,NULL,NULL,NULL,NULL,NULL,NULL,'',NULL,NULL),
(220,'55','Dimas Cahyo Saputro',NULL,'1256835600',NULL,NULL,NULL,NULL,NULL,NULL,NULL,NULL,'',NULL,NULL),
(221,'55','Chantika Shinta Sari',NULL,'1321290000',NULL,NULL,NULL,NULL,NULL,NULL,NULL,NULL,'',NULL,NULL),
(222,'55','Mohamad Ridho',NULL,'1353171600',NULL,NULL,NULL,NULL,NULL,NULL,NULL,NULL,'',NULL,NULL),
(223,'57','Herman Subagio',NULL,'-418201200',NULL,NULL,NULL,NULL,NULL,NULL,NULL,NULL,'',NULL,NULL),
(224,'57','Komariyah',NULL,'-491900400',NULL,NULL,NULL,NULL,NULL,NULL,NULL,NULL,'',NULL,NULL),
(225,'58','Imanudin',NULL,'578768400',NULL,NULL,NULL,NULL,NULL,NULL,NULL,NULL,'',NULL,NULL),
(226,'58','Estri Anggraeni',NULL,'548960400',NULL,NULL,NULL,NULL,NULL,NULL,NULL,NULL,'',NULL,NULL),
(227,'59','Imas Siti Hodijah',NULL,'68230800',NULL,NULL,NULL,NULL,NULL,NULL,NULL,NULL,'',NULL,NULL),
(228,'59','Didiy Octa Rizal',NULL,'720205200',NULL,NULL,NULL,NULL,NULL,NULL,NULL,NULL,'',NULL,NULL),
(229,'59','Ridho Radiansyah',NULL,'827168400',NULL,NULL,NULL,NULL,NULL,NULL,NULL,NULL,'',NULL,NULL),
(230,'59','Siti Sofiatul Aini',NULL,'1125334800',NULL,NULL,NULL,NULL,NULL,NULL,NULL,NULL,'',NULL,NULL),
(231,'59','Asiah',NULL,'791658000',NULL,NULL,NULL,NULL,NULL,NULL,NULL,NULL,'',NULL,NULL),
(232,'60','Irwan Agusni',NULL,'329245200',NULL,NULL,NULL,NULL,NULL,NULL,NULL,NULL,'',NULL,NULL),
(233,'60','Nurhasanah',NULL,'544640400',NULL,NULL,NULL,NULL,NULL,NULL,NULL,NULL,'',NULL,NULL),
(234,'60','Ridha Cahya Apriliani',NULL,'1238950800',NULL,NULL,NULL,NULL,NULL,NULL,NULL,NULL,'',NULL,NULL),
(235,'61','Ishak',NULL,'184006800',NULL,NULL,NULL,NULL,NULL,NULL,NULL,NULL,'',NULL,NULL),
(236,'61','Ida Farida',NULL,'302806800',NULL,NULL,NULL,NULL,NULL,NULL,NULL,NULL,'',NULL,NULL),
(237,'61','Yuliana Sari',NULL,'992970000',NULL,NULL,NULL,NULL,NULL,NULL,NULL,NULL,'',NULL,NULL),
(238,'61','Muhammad Septianu .',NULL,'1316106000',NULL,NULL,NULL,NULL,NULL,NULL,NULL,NULL,'',NULL,NULL),
(239,'62','Jawadi',NULL,'261162000',NULL,NULL,NULL,NULL,NULL,NULL,NULL,NULL,'',NULL,NULL),
(240,'63','Karwadi',NULL,'168109200',NULL,NULL,NULL,NULL,NULL,NULL,NULL,NULL,'',NULL,NULL),
(241,'63','Junani',NULL,'416077200',NULL,NULL,NULL,NULL,NULL,NULL,NULL,NULL,'',NULL,NULL),
(242,'64','Legiman',NULL,'-243327600',NULL,NULL,NULL,NULL,NULL,NULL,NULL,NULL,'',NULL,NULL),
(243,'64','Bandiyah',NULL,'-88412400',NULL,NULL,NULL,NULL,NULL,NULL,NULL,NULL,'',NULL,NULL),
(244,'65','Lilik Saputro',NULL,'-46076400',NULL,NULL,NULL,NULL,NULL,NULL,NULL,NULL,'',NULL,NULL),
(245,'65','Eko Purnomo Sari',NULL,'73587600',NULL,NULL,NULL,NULL,NULL,NULL,NULL,NULL,'',NULL,NULL),
(246,'65','Nika Retna Fajar Sari',NULL,'800384400',NULL,NULL,NULL,NULL,NULL,NULL,NULL,NULL,'',NULL,NULL),
(247,'65','Muhamad Arief Rahmat',NULL,'1333990800',NULL,NULL,NULL,NULL,NULL,NULL,NULL,NULL,'',NULL,NULL),
(248,'66','M. Dung Dung',NULL,'31338000',NULL,NULL,NULL,NULL,NULL,NULL,NULL,NULL,'',NULL,NULL),
(249,'66','Ningrom',NULL,'101149200',NULL,NULL,NULL,NULL,NULL,NULL,NULL,NULL,'',NULL,NULL),
(250,'66','Usman Saprandi',NULL,'747853200',NULL,NULL,NULL,NULL,NULL,NULL,NULL,NULL,'',NULL,NULL),
(251,'66','Dela Lestari',NULL,'1173632400',NULL,NULL,NULL,NULL,NULL,NULL,NULL,NULL,'',NULL,NULL),
(252,'67','Mijo',NULL,'-307522800',NULL,NULL,NULL,NULL,NULL,NULL,NULL,NULL,'',NULL,NULL),
(253,'67','Fatma Kurnia Sari',NULL,'678733200',NULL,NULL,NULL,NULL,NULL,NULL,NULL,NULL,'',NULL,NULL),
(254,'67','Dafa Gibran Wardhana',NULL,'1140541200',NULL,NULL,NULL,NULL,NULL,NULL,NULL,NULL,'',NULL,NULL),
(255,'67','Zahrana Nurasyifa',NULL,'1348506000',NULL,NULL,NULL,NULL,NULL,NULL,NULL,NULL,'',NULL,NULL),
(256,'68','Mi\'rojudin',NULL,'-239439600',NULL,NULL,NULL,NULL,NULL,NULL,NULL,NULL,'',NULL,NULL),
(257,'68','Nasuhah',NULL,'587494800',NULL,NULL,NULL,NULL,NULL,NULL,NULL,NULL,'',NULL,NULL),
(258,'68','Najwa Maulida Kamila',NULL,'1299603600',NULL,NULL,NULL,NULL,NULL,NULL,NULL,NULL,'',NULL,NULL),
(259,'69','Muhamad Zainal Muttaqin',NULL,'432752400',NULL,NULL,NULL,NULL,NULL,NULL,NULL,NULL,'',NULL,NULL),
(260,'69','Dewi Pratiwi',NULL,'513795600',NULL,NULL,NULL,NULL,NULL,NULL,NULL,NULL,'',NULL,NULL),
(261,'69','Muhammad Raja Zakilla',NULL,'1253811600',NULL,NULL,NULL,NULL,NULL,NULL,NULL,NULL,'',NULL,NULL),
(262,'70','Mujianto',NULL,'-373273200',NULL,NULL,NULL,NULL,NULL,NULL,NULL,NULL,'',NULL,NULL),
(263,'70','Maisaroh',NULL,'-327826800',NULL,NULL,NULL,NULL,NULL,NULL,NULL,NULL,'',NULL,NULL),
(264,'71','Muliadi',NULL,'220899600',NULL,NULL,NULL,NULL,NULL,NULL,NULL,NULL,'',NULL,NULL),
(265,'71','Murnisah',NULL,'275504400',NULL,NULL,NULL,NULL,NULL,NULL,NULL,NULL,'',NULL,NULL),
(266,'71','Juliet Arizka Andini',NULL,'1090429200',NULL,NULL,NULL,NULL,NULL,NULL,NULL,NULL,'',NULL,NULL),
(267,'71','Muhammad Khoirul Fatihin',NULL,'1250010000',NULL,NULL,NULL,NULL,NULL,NULL,NULL,NULL,'',NULL,NULL),
(268,'72','Mustofa',NULL,'-10566000',NULL,NULL,NULL,NULL,NULL,NULL,NULL,NULL,'',NULL,NULL),
(269,'72','Sri Sukmiyaty',NULL,'-88671600',NULL,NULL,NULL,NULL,NULL,NULL,NULL,NULL,'',NULL,NULL),
(270,'72','Adhitya Sri Mustofa',NULL,'743360400',NULL,NULL,NULL,NULL,NULL,NULL,NULL,NULL,'',NULL,NULL),
(271,'72','Dwi Nurulitha',NULL,'854557200',NULL,NULL,NULL,NULL,NULL,NULL,NULL,NULL,'',NULL,NULL),
(272,'72','Deffa Rhamadhan',NULL,'1007226000',NULL,NULL,NULL,NULL,NULL,NULL,NULL,NULL,'',NULL,NULL),
(273,'72','Dinda Agistha',NULL,'1092157200',NULL,NULL,NULL,NULL,NULL,NULL,NULL,NULL,'',NULL,NULL),
(274,'73','Nasirin M. Ali',NULL,'-158482800',NULL,NULL,NULL,NULL,NULL,NULL,NULL,NULL,'',NULL,NULL),
(275,'73','Karijah',NULL,'-18169200',NULL,NULL,NULL,NULL,NULL,NULL,NULL,NULL,'',NULL,NULL),
(276,'73','Deka Andrian',NULL,'565290000',NULL,NULL,NULL,NULL,NULL,NULL,NULL,NULL,'',NULL,NULL),
(277,'73','Devika Angreni',NULL,'638298000',NULL,NULL,NULL,NULL,NULL,NULL,NULL,NULL,'',NULL,NULL),
(278,'73','Rizki Wulandari',NULL,'756406800',NULL,NULL,NULL,NULL,NULL,NULL,NULL,NULL,'',NULL,NULL),
(279,'73','Yolanda',NULL,'807555600',NULL,NULL,NULL,NULL,NULL,NULL,NULL,NULL,'',NULL,NULL),
(280,'73','Serli Wahyuni',NULL,'932576400',NULL,NULL,NULL,NULL,NULL,NULL,NULL,NULL,'',NULL,NULL),
(281,'73','M. Rifki Afriansyah',NULL,'1074877200',NULL,NULL,NULL,NULL,NULL,NULL,NULL,NULL,'',NULL,NULL),
(282,'73','Candra Purnama',NULL,'1173718800',NULL,NULL,NULL,NULL,NULL,NULL,NULL,NULL,'',NULL,NULL),
(283,'74','Nur Baeti',NULL,'16822800',NULL,NULL,NULL,NULL,NULL,NULL,NULL,NULL,'',NULL,NULL),
(284,'74','Bahrul Ulum',NULL,'645901200',NULL,NULL,NULL,NULL,NULL,NULL,NULL,NULL,'',NULL,NULL),
(285,'74','Raudhotul Janah',NULL,'696877200',NULL,NULL,NULL,NULL,NULL,NULL,NULL,NULL,'',NULL,NULL),
(286,'74','Rahmattullah',NULL,'756406800',NULL,NULL,NULL,NULL,NULL,NULL,NULL,NULL,'',NULL,NULL),
(287,'74','Nurhayati',NULL,'507834000',NULL,NULL,NULL,NULL,NULL,NULL,NULL,NULL,'',NULL,NULL),
(288,'74','Heri Loba',NULL,'576608400',NULL,NULL,NULL,NULL,NULL,NULL,NULL,NULL,'',NULL,NULL),
(289,'75','Paimin',NULL,'90176400',NULL,NULL,NULL,NULL,NULL,NULL,NULL,NULL,'',NULL,NULL),
(290,'75','Yulis Afi Ana Wati',NULL,'207248400',NULL,NULL,NULL,NULL,NULL,NULL,NULL,NULL,'',NULL,NULL),
(291,'75','Reza Fahlevi',NULL,'813603600',NULL,NULL,NULL,NULL,NULL,NULL,NULL,NULL,'',NULL,NULL),
(292,'75','Faiz Ramadhan',NULL,'977245200',NULL,NULL,NULL,NULL,NULL,NULL,NULL,NULL,'',NULL,NULL),
(293,'76','Pupung Purnama',NULL,'347648400',NULL,NULL,NULL,NULL,NULL,NULL,NULL,NULL,'',NULL,NULL),
(294,'76','Fatma Kurnia Sari',NULL,'678733200',NULL,NULL,NULL,NULL,NULL,NULL,NULL,NULL,'',NULL,NULL),
(295,'76','Dafa Gibran Wardhana',NULL,'1140541200',NULL,NULL,NULL,NULL,NULL,NULL,NULL,NULL,'',NULL,NULL),
(296,'76','Zahrana Nurasyifa',NULL,'1348506000',NULL,NULL,NULL,NULL,NULL,NULL,NULL,NULL,'',NULL,NULL),
(297,'77','Rahmat Hidayat',NULL,'171392400',NULL,NULL,NULL,NULL,NULL,NULL,NULL,NULL,'',NULL,NULL),
(298,'77','Heni Hermawati',NULL,'466966800',NULL,NULL,NULL,NULL,NULL,NULL,NULL,NULL,'',NULL,NULL),
(299,'77','Hernani Rahmawati',NULL,'1017680400',NULL,NULL,NULL,NULL,NULL,NULL,NULL,NULL,'',NULL,NULL),
(300,'77','Adinda Syavira Rahmawati',NULL,'1112029200',NULL,NULL,NULL,NULL,NULL,NULL,NULL,NULL,'',NULL,NULL),
(301,'77','Arjuna Putra Hidayat',NULL,'1400864400',NULL,NULL,NULL,NULL,NULL,NULL,NULL,NULL,'',NULL,NULL),
(302,'77','Yeti Yosefa',NULL,'-759222000',NULL,NULL,NULL,NULL,NULL,NULL,NULL,NULL,'',NULL,NULL),
(303,'78','Rahmat Panca Sugiono',NULL,'580064400',NULL,NULL,NULL,NULL,NULL,NULL,NULL,NULL,'',NULL,NULL),
(304,'78','Kalfrice',NULL,'419706000',NULL,NULL,NULL,NULL,NULL,NULL,NULL,NULL,'',NULL,NULL),
(305,'78','Muhammad Faisal Faiz',NULL,'1262538000',NULL,NULL,NULL,NULL,NULL,NULL,NULL,NULL,'',NULL,NULL),
(306,'79','Riswandi',NULL,'705171600',NULL,NULL,NULL,NULL,NULL,NULL,NULL,NULL,'',NULL,NULL),
(307,'79','Carlina ',NULL,'750186000',NULL,NULL,NULL,NULL,NULL,NULL,NULL,NULL,'',NULL,NULL),
(308,'79','Aminah',NULL,'1397840400',NULL,NULL,NULL,NULL,NULL,NULL,NULL,NULL,'',NULL,NULL),
(309,'80','Rochman',NULL,'-144572400',NULL,NULL,NULL,NULL,NULL,NULL,NULL,NULL,'',NULL,NULL),
(310,'80','Maskamah',NULL,'84646800',NULL,NULL,NULL,NULL,NULL,NULL,NULL,NULL,'',NULL,NULL),
(311,'80','Dedi Masriyadi',NULL,'717958800',NULL,NULL,NULL,NULL,NULL,NULL,NULL,NULL,'',NULL,NULL),
(312,'80','Irwan Setiawan',NULL,'790707600',NULL,NULL,NULL,NULL,NULL,NULL,NULL,NULL,'',NULL,NULL),
(313,'80','M. Fauzi Umar',NULL,'937501200',NULL,NULL,NULL,NULL,NULL,NULL,NULL,NULL,'',NULL,NULL),
(314,'80','Miftahul Huda',NULL,'1016816400',NULL,NULL,NULL,NULL,NULL,NULL,NULL,NULL,'',NULL,NULL),
(315,'80','Rochmatul Bayti',NULL,'1232384400',NULL,NULL,NULL,NULL,NULL,NULL,NULL,NULL,'',NULL,NULL),
(316,'81','Rosid',NULL,'-554886000',NULL,NULL,NULL,NULL,NULL,NULL,NULL,NULL,'',NULL,NULL),
(317,'81','Nurhayati',NULL,'-315385200',NULL,NULL,NULL,NULL,NULL,NULL,NULL,NULL,'',NULL,NULL),
(318,'81','Candra Hudaya',NULL,'599590800',NULL,NULL,NULL,NULL,NULL,NULL,NULL,NULL,'',NULL,NULL),
(319,'82','Rosidih',NULL,'-767602800',NULL,NULL,NULL,NULL,NULL,NULL,NULL,NULL,'',NULL,NULL),
(320,'82','Purwati',NULL,'24339600',NULL,NULL,NULL,NULL,NULL,NULL,NULL,NULL,'',NULL,NULL),
(321,'82','Widia Sentika El Giovani',NULL,'741286800',NULL,NULL,NULL,NULL,NULL,NULL,NULL,NULL,'',NULL,NULL),
(322,'83','Rosikin',NULL,'73587600',NULL,NULL,NULL,NULL,NULL,NULL,NULL,NULL,'',NULL,NULL),
(323,'83','Mahmudah',NULL,'235674000',NULL,NULL,NULL,NULL,NULL,NULL,NULL,NULL,'',NULL,NULL),
(324,'83','Faturrohman',NULL,'806259600',NULL,NULL,NULL,NULL,NULL,NULL,NULL,NULL,'',NULL,NULL),
(325,'83','Putri Arisa',NULL,'1010422800',NULL,NULL,NULL,NULL,NULL,NULL,NULL,NULL,'',NULL,NULL),
(326,'83','Miliha Rossa M Aidah',NULL,'1273510800',NULL,NULL,NULL,NULL,NULL,NULL,NULL,NULL,'',NULL,NULL),
(327,'84','Royani',NULL,'542307600',NULL,NULL,NULL,NULL,NULL,NULL,NULL,NULL,'',NULL,NULL),
(328,'84','Faikoh',NULL,'414349200',NULL,NULL,NULL,NULL,NULL,NULL,NULL,NULL,'',NULL,NULL),
(329,'84','Farman Royhan',NULL,'1315414800',NULL,NULL,NULL,NULL,NULL,NULL,NULL,NULL,'',NULL,NULL),
(330,'85','Sa\'bah',NULL,'-181033200',NULL,NULL,NULL,NULL,NULL,NULL,NULL,NULL,'',NULL,NULL),
(331,'85','Ahmad Sading',NULL,'503600400',NULL,NULL,NULL,NULL,NULL,NULL,NULL,NULL,'',NULL,NULL),
(332,'85','Lidya Wati',NULL,'549565200',NULL,NULL,NULL,NULL,NULL,NULL,NULL,NULL,'',NULL,NULL),
(333,'85','Iwan Sanusi',NULL,'608317200',NULL,NULL,NULL,NULL,NULL,NULL,NULL,NULL,'',NULL,NULL),
(334,'85','M. Maulana',NULL,'930330000',NULL,NULL,NULL,NULL,NULL,NULL,NULL,NULL,'',NULL,NULL),
(335,'85','Arma Wati',NULL,'1242579600',NULL,NULL,NULL,NULL,NULL,NULL,NULL,NULL,'',NULL,NULL),
(336,'86','Saniman',NULL,'-358326000',NULL,NULL,NULL,NULL,NULL,NULL,NULL,NULL,'',NULL,NULL),
(337,'86','Supatmi',NULL,'-238575600',NULL,NULL,NULL,NULL,NULL,NULL,NULL,NULL,'',NULL,NULL),
(338,'86','Mega Erisa',NULL,'771958800',NULL,NULL,NULL,NULL,NULL,NULL,NULL,NULL,'',NULL,NULL),
(339,'87','Sarigut',NULL,'305139600',NULL,NULL,NULL,NULL,NULL,NULL,NULL,NULL,'',NULL,NULL),
(340,'87','Jumiyati',NULL,'-264409200',NULL,NULL,NULL,NULL,NULL,NULL,NULL,NULL,'',NULL,NULL),
(341,'87','Iqbal Daendels Zakaria',NULL,'1219165200',NULL,NULL,NULL,NULL,NULL,NULL,NULL,NULL,'',NULL,NULL),
(342,'87','Raihan Akbar Zakaria',NULL,'1403370000',NULL,NULL,NULL,NULL,NULL,NULL,NULL,NULL,'',NULL,NULL),
(343,'88','Sarkum',NULL,'260038800',NULL,NULL,NULL,NULL,NULL,NULL,NULL,NULL,'',NULL,NULL),
(344,'88','Enok',NULL,'236106000',NULL,NULL,NULL,NULL,NULL,NULL,NULL,NULL,'',NULL,NULL),
(345,'88','Sanah Diah',NULL,'843325200',NULL,NULL,NULL,NULL,NULL,NULL,NULL,NULL,'',NULL,NULL),
(346,'88','Saroh',NULL,'1136912400',NULL,NULL,NULL,NULL,NULL,NULL,NULL,NULL,'',NULL,NULL),
(347,'89','Seno  Widodo',NULL,'10861200',NULL,NULL,NULL,NULL,NULL,NULL,NULL,NULL,'',NULL,NULL),
(348,'90','Setia Budhy',NULL,'-303289200',NULL,NULL,NULL,NULL,NULL,NULL,NULL,NULL,'',NULL,NULL),
(349,'90','Marsiah',NULL,'-53334000',NULL,NULL,NULL,NULL,NULL,NULL,NULL,NULL,'',NULL,NULL),
(350,'90','Ahmad Gojali',NULL,'739213200',NULL,NULL,NULL,NULL,NULL,NULL,NULL,NULL,'',NULL,NULL),
(351,'90','Agus Mahardika Hadi',NULL,'803322000',NULL,NULL,NULL,NULL,NULL,NULL,NULL,NULL,'',NULL,NULL),
(352,'90','Rizki Hadi',NULL,'847904400',NULL,NULL,NULL,NULL,NULL,NULL,NULL,NULL,'',NULL,NULL),
(353,'90','Riyadoh',NULL,'956941200',NULL,NULL,NULL,NULL,NULL,NULL,NULL,NULL,'',NULL,NULL),
(354,'90','Hadi Syafaa\'at',NULL,'1120842000',NULL,NULL,NULL,NULL,NULL,NULL,NULL,NULL,'',NULL,NULL),
(355,'91','Sibli',NULL,'-631177200',NULL,NULL,NULL,NULL,NULL,NULL,NULL,NULL,'',NULL,NULL),
(356,'91','Siti Ratna',NULL,'-304844400',NULL,NULL,NULL,NULL,NULL,NULL,NULL,NULL,'',NULL,NULL),
(357,'91','Ulfa Yati',NULL,'359139600',NULL,NULL,NULL,NULL,NULL,NULL,NULL,NULL,'',NULL,NULL),
(358,'91','Heruli',NULL,'-101890800',NULL,NULL,NULL,NULL,NULL,NULL,NULL,NULL,'',NULL,NULL),
(359,'91','Umu Fitriyah',NULL,'617907600',NULL,NULL,NULL,NULL,NULL,NULL,NULL,NULL,'',NULL,NULL),
(360,'91','Nikmatullah',NULL,'765306000',NULL,NULL,NULL,NULL,NULL,NULL,NULL,NULL,'',NULL,NULL),
(361,'91','Umi Kulsum',NULL,'823626000',NULL,NULL,NULL,NULL,NULL,NULL,NULL,NULL,'',NULL,NULL),
(362,'91','Sulawati',NULL,'883933200',NULL,NULL,NULL,NULL,NULL,NULL,NULL,NULL,'',NULL,NULL),
(363,'91','Umtati',NULL,'1021136400',NULL,NULL,NULL,NULL,NULL,NULL,NULL,NULL,'',NULL,NULL),
(364,'92','Sidik',NULL,'-568105200',NULL,NULL,NULL,NULL,NULL,NULL,NULL,NULL,'',NULL,NULL),
(365,'92','Mifudoh',NULL,'-302166000',NULL,NULL,NULL,NULL,NULL,NULL,NULL,NULL,'',NULL,NULL),
(366,'92','Umar',NULL,'465411600',NULL,NULL,NULL,NULL,NULL,NULL,NULL,NULL,'',NULL,NULL),
(367,'92','Zakiyatunnafsiah',NULL,'593974800',NULL,NULL,NULL,NULL,NULL,NULL,NULL,NULL,'',NULL,NULL),
(368,'92','Nilah',NULL,'677005200',NULL,NULL,NULL,NULL,NULL,NULL,NULL,NULL,'',NULL,NULL),
(369,'93','Sidik',NULL,NULL,NULL,NULL,NULL,NULL,NULL,NULL,NULL,NULL,'',NULL,NULL),
(370,'94','Sihabudin',NULL,'-28364400',NULL,NULL,NULL,NULL,NULL,NULL,NULL,NULL,'',NULL,NULL),
(371,'94','Sarkiyah',NULL,'168454800',NULL,NULL,NULL,NULL,NULL,NULL,NULL,NULL,'',NULL,NULL),
(372,'94','Endang Supriyadi',NULL,'792090000',NULL,NULL,NULL,NULL,NULL,NULL,NULL,NULL,'',NULL,NULL),
(373,'94','Sahrul Indrawan',NULL,'931712400',NULL,NULL,NULL,NULL,NULL,NULL,NULL,NULL,'',NULL,NULL),
(374,'94','Indriani Syihab',NULL,'1123261200',NULL,NULL,NULL,NULL,NULL,NULL,NULL,NULL,'',NULL,NULL),
(375,'94','Nur Annisa',NULL,'1324141200',NULL,NULL,NULL,NULL,NULL,NULL,NULL,NULL,'',NULL,NULL),
(376,'95','Solihin',NULL,'2739600',NULL,NULL,NULL,NULL,NULL,NULL,NULL,NULL,'',NULL,NULL),
(377,'95','Siti Solehah',NULL,'58294800',NULL,NULL,NULL,NULL,NULL,NULL,NULL,NULL,'',NULL,NULL),
(378,'95','Sutihat',NULL,'715194000',NULL,NULL,NULL,NULL,NULL,NULL,NULL,NULL,'',NULL,NULL),
(379,'95','Sufian',NULL,'804963600',NULL,NULL,NULL,NULL,NULL,NULL,NULL,NULL,'',NULL,NULL),
(380,'95','Solahudin',NULL,'994525200',NULL,NULL,NULL,NULL,NULL,NULL,NULL,NULL,'',NULL,NULL),
(381,'95','Holidah',NULL,'1284570000',NULL,NULL,NULL,NULL,NULL,NULL,NULL,NULL,'',NULL,NULL),
(382,'96','Soma',NULL,'105814800',NULL,NULL,NULL,NULL,NULL,NULL,NULL,NULL,'',NULL,NULL),
(383,'96','Emah',NULL,'171133200',NULL,NULL,NULL,NULL,NULL,NULL,NULL,NULL,'',NULL,NULL),
(384,'96','Muhammad Abdul Rozak',NULL,'827427600',NULL,NULL,NULL,NULL,NULL,NULL,NULL,NULL,'',NULL,NULL),
(385,'96','Lisnawati',NULL,'985280400',NULL,NULL,NULL,NULL,NULL,NULL,NULL,NULL,'',NULL,NULL),
(386,'96','Tika',NULL,'1109696400',NULL,NULL,NULL,NULL,NULL,NULL,NULL,NULL,'',NULL,NULL),
(387,'96','Muhammad Abdul Latif',NULL,'1397581200',NULL,NULL,NULL,NULL,NULL,NULL,NULL,NULL,'',NULL,NULL),
(388,'96','Rahman',NULL,'520707600',NULL,NULL,NULL,NULL,NULL,NULL,NULL,NULL,'',NULL,NULL),
(389,'97','Subari M.Shaleh (alm)',NULL,'-107420400',NULL,NULL,NULL,NULL,NULL,NULL,NULL,NULL,'',NULL,NULL),
(390,'97','Masitoh',NULL,'106419600',NULL,NULL,NULL,NULL,NULL,NULL,NULL,NULL,'',NULL,NULL),
(391,'97','Sumiyati',NULL,'876934800',NULL,NULL,NULL,NULL,NULL,NULL,NULL,NULL,'',NULL,NULL),
(392,'97','Ade Mahmudi',NULL,'1179334800',NULL,NULL,NULL,NULL,NULL,NULL,NULL,NULL,'',NULL,NULL),
(393,'97','Eti Suheti',NULL,'1007917200',NULL,NULL,NULL,NULL,NULL,NULL,NULL,NULL,'',NULL,NULL),
(394,'97','Muhamad Andi Yusuf',NULL,'1212426000',NULL,NULL,NULL,NULL,NULL,NULL,NULL,NULL,'',NULL,NULL),
(395,'98','Sudiro',NULL,'258051600',NULL,NULL,NULL,NULL,NULL,NULL,NULL,NULL,'',NULL,NULL),
(396,'98','Rina Amelia',NULL,'514054800',NULL,NULL,NULL,NULL,NULL,NULL,NULL,NULL,'',NULL,NULL),
(397,'98','Muhammad Dzikry Naufal',NULL,'1346691600',NULL,NULL,NULL,NULL,NULL,NULL,NULL,NULL,'',NULL,NULL),
(398,'99','Sugengg Santoso',NULL,'167590800',NULL,NULL,NULL,NULL,NULL,NULL,NULL,NULL,'',NULL,NULL),
(399,'99','Siti Aliyah',NULL,'347130000',NULL,NULL,NULL,NULL,NULL,NULL,NULL,NULL,'',NULL,NULL),
(400,'99','Muhammad Noval Saifulloh',NULL,'978109200',NULL,NULL,NULL,NULL,NULL,NULL,NULL,NULL,'',NULL,NULL),
(401,'99','Mutiara Oktaviana',NULL,'1035306000',NULL,NULL,NULL,NULL,NULL,NULL,NULL,NULL,'',NULL,NULL),
(402,'99','Muhammad Aliefvian',NULL,'1253466000',NULL,NULL,NULL,NULL,NULL,NULL,NULL,NULL,'',NULL,NULL),
(403,'100','Suhari',NULL,'377370000',NULL,NULL,NULL,NULL,NULL,NULL,NULL,NULL,'',NULL,NULL),
(404,'100','Yani',NULL,'559674000',NULL,NULL,NULL,NULL,NULL,NULL,NULL,NULL,'',NULL,NULL),
(405,'100','A Sariful Anwar',NULL,'1047315600',NULL,NULL,NULL,NULL,NULL,NULL,NULL,NULL,'',NULL,NULL),
(406,'100','Nur Aini Mardiyah',NULL,'1156784400',NULL,NULL,NULL,NULL,NULL,NULL,NULL,NULL,'',NULL,NULL),
(407,'100','Moh Arif',NULL,'842893200',NULL,NULL,NULL,NULL,NULL,NULL,NULL,NULL,'',NULL,NULL),
(408,'101','Suheli',NULL,'402080400',NULL,NULL,NULL,NULL,NULL,NULL,NULL,NULL,'',NULL,NULL),
(409,'101','Devi Handayani',NULL,'454525200',NULL,NULL,NULL,NULL,NULL,NULL,NULL,NULL,'',NULL,NULL),
(410,'101','Sofia Wulandari',NULL,'1112634000',NULL,NULL,NULL,NULL,NULL,NULL,NULL,NULL,'',NULL,NULL),
(411,'101','Dewi Anjani',NULL,'1400605200',NULL,NULL,NULL,NULL,NULL,NULL,NULL,NULL,'',NULL,NULL),
(412,'101','Saiful Anwar',NULL,'688582800',NULL,NULL,NULL,NULL,NULL,NULL,NULL,NULL,'',NULL,NULL),
(413,'101','Nur Riyadoh',NULL,'956941200',NULL,NULL,NULL,NULL,NULL,NULL,NULL,NULL,'',NULL,NULL),
(414,'101','Hadi Safa\'at',NULL,'1120842000',NULL,NULL,NULL,NULL,NULL,NULL,NULL,NULL,'',NULL,NULL),
(415,'102','Sumi',NULL,'-2209186800',NULL,NULL,NULL,NULL,NULL,NULL,NULL,NULL,'',NULL,NULL),
(416,'103','Sunarjan',NULL,'173638800',NULL,NULL,NULL,NULL,NULL,NULL,NULL,NULL,'',NULL,NULL),
(417,'103','Ratna Juwita',NULL,'270925200',NULL,NULL,NULL,NULL,NULL,NULL,NULL,NULL,'',NULL,NULL),
(418,'103','Mery Narlyta',NULL,'868467600',NULL,NULL,NULL,NULL,NULL,NULL,NULL,NULL,'',NULL,NULL),
(419,'103','Farizal Aditya',NULL,'1116262800',NULL,NULL,NULL,NULL,NULL,NULL,NULL,NULL,'',NULL,NULL),
(420,'104','Supena',NULL,'-350204400',NULL,NULL,NULL,NULL,NULL,NULL,NULL,NULL,'',NULL,NULL),
(421,'104','Sarmi Halimah',NULL,'-309337200',NULL,NULL,NULL,NULL,NULL,NULL,NULL,NULL,'',NULL,NULL),
(422,'104','Dedy Suherman',NULL,'301597200',NULL,NULL,NULL,NULL,NULL,NULL,NULL,NULL,'',NULL,NULL),
(423,'104','Fredy Hand',NULL,'585680400',NULL,NULL,NULL,NULL,NULL,NULL,NULL,NULL,'',NULL,NULL),
(424,'105','Suryadi',NULL,'30128400',NULL,NULL,NULL,NULL,NULL,NULL,NULL,NULL,'',NULL,NULL),
(425,'105','Upiyati',NULL,'168282000',NULL,NULL,NULL,NULL,NULL,NULL,NULL,NULL,'',NULL,NULL),
(426,'105','Laras Manjari',NULL,'841683600',NULL,NULL,NULL,NULL,NULL,NULL,NULL,NULL,'',NULL,NULL),
(427,'105','Virgin Sparias',NULL,'988650000',NULL,NULL,NULL,NULL,NULL,NULL,NULL,NULL,'',NULL,NULL),
(428,'105','Zamzam Alfarizi',NULL,'1075741200',NULL,NULL,NULL,NULL,NULL,NULL,NULL,NULL,'',NULL,NULL),
(429,'106','Sutardi Tarjo Sutrisno',NULL,'-270025200',NULL,NULL,NULL,NULL,NULL,NULL,NULL,NULL,'',NULL,NULL),
(430,'107','Sutikno',NULL,'299696400',NULL,NULL,NULL,NULL,NULL,NULL,NULL,NULL,'',NULL,NULL),
(431,'107','Sartini',NULL,'562698000',NULL,NULL,NULL,NULL,NULL,NULL,NULL,NULL,'',NULL,NULL),
(432,'108','Syadeli',NULL,'-707554800',NULL,NULL,NULL,NULL,NULL,NULL,NULL,NULL,'',NULL,NULL),
(433,'108','Rufi\'ah',NULL,'-126255600',NULL,NULL,NULL,NULL,NULL,NULL,NULL,NULL,'',NULL,NULL),
(434,'108','Ikhsan',NULL,'306608400',NULL,NULL,NULL,NULL,NULL,NULL,NULL,NULL,'',NULL,NULL),
(435,'108','Jumanah',NULL,'524163600',NULL,NULL,NULL,NULL,NULL,NULL,NULL,NULL,'',NULL,NULL),
(436,'108','Maryatiningsih',NULL,'717440400',NULL,NULL,NULL,NULL,NULL,NULL,NULL,NULL,'',NULL,NULL),
(437,'108','Susilawati',NULL,'743533200',NULL,NULL,NULL,NULL,NULL,NULL,NULL,NULL,'',NULL,NULL),
(438,'108','Sudirman Rahmatullah',NULL,'843670800',NULL,NULL,NULL,NULL,NULL,NULL,NULL,NULL,'',NULL,NULL),
(439,'108','Rosmawati',NULL,'983293200',NULL,NULL,NULL,NULL,NULL,NULL,NULL,NULL,'',NULL,NULL),
(440,'109','Syehabudin',NULL,'603478800',NULL,NULL,NULL,NULL,NULL,NULL,NULL,NULL,'',NULL,NULL),
(441,'109','Winda Agustiani',NULL,'744310800',NULL,NULL,NULL,NULL,NULL,NULL,NULL,NULL,'',NULL,NULL),
(442,'110','Tasa Suratman',NULL,'-607590000',NULL,NULL,NULL,NULL,NULL,NULL,NULL,NULL,'',NULL,NULL),
(443,'110','Siti Patimah',NULL,'-291625200',NULL,NULL,NULL,NULL,NULL,NULL,NULL,NULL,'',NULL,NULL),
(444,'110','Obis Abdul Ajis',NULL,'682102800',NULL,NULL,NULL,NULL,NULL,NULL,NULL,NULL,'',NULL,NULL),
(445,'111','Tasril Rasyid',NULL,'-329209200',NULL,NULL,NULL,NULL,NULL,NULL,NULL,NULL,'',NULL,NULL),
(446,'111','Syamsuarti',NULL,'-164271600',NULL,NULL,NULL,NULL,NULL,NULL,NULL,NULL,'',NULL,NULL),
(447,'111','Sugar wara',NULL,'466880400',NULL,NULL,NULL,NULL,NULL,NULL,NULL,NULL,'',NULL,NULL),
(448,'111','Suhandi harja',NULL,'532976400',NULL,NULL,NULL,NULL,NULL,NULL,NULL,NULL,'',NULL,NULL),
(449,'111','Meylisa Eka Putri',NULL,'581014800',NULL,NULL,NULL,NULL,NULL,NULL,NULL,NULL,'',NULL,NULL),
(450,'111','Angga Setiawan',NULL,'777574800',NULL,NULL,NULL,NULL,NULL,NULL,NULL,NULL,'',NULL,NULL),
(451,'111','Aldo Nurohim',NULL,'1057338000',NULL,NULL,NULL,NULL,NULL,NULL,NULL,NULL,'',NULL,NULL),
(452,'111','Aldi Nurohman',NULL,'1060016400',NULL,NULL,NULL,NULL,NULL,NULL,NULL,NULL,'',NULL,NULL),
(453,'112','Taukid',NULL,'439146000',NULL,NULL,NULL,NULL,NULL,NULL,NULL,NULL,'',NULL,NULL),
(454,'112','Latipah',NULL,'439578000',NULL,NULL,NULL,NULL,NULL,NULL,NULL,NULL,'',NULL,NULL),
(455,'112','Andika',NULL,'1147366800',NULL,NULL,NULL,NULL,NULL,NULL,NULL,NULL,'',NULL,NULL),
(456,'113','Tolihah',NULL,'-407055600',NULL,NULL,NULL,NULL,NULL,NULL,NULL,NULL,'',NULL,NULL),
(457,'113','Tolib Imansyah',NULL,'-438850800',NULL,NULL,NULL,NULL,NULL,NULL,NULL,NULL,'',NULL,NULL),
(458,'113','Trismanto',NULL,'578077200',NULL,NULL,NULL,NULL,NULL,NULL,NULL,NULL,'',NULL,NULL),
(459,'113','Zainatul Anisa',NULL,'860173200',NULL,NULL,NULL,NULL,NULL,NULL,NULL,NULL,'',NULL,NULL),
(460,'114','Triyono',NULL,'-179823600',NULL,NULL,NULL,NULL,NULL,NULL,NULL,NULL,'',NULL,NULL),
(461,'114','Sri Lestari',NULL,'776192400',NULL,NULL,NULL,NULL,NULL,NULL,NULL,NULL,'',NULL,NULL),
(462,'114','Sularno (siapa triyono)',NULL,'470077200',NULL,NULL,NULL,NULL,NULL,NULL,NULL,NULL,'',NULL,NULL),
(463,'115','Tukimin',NULL,'93891600',NULL,NULL,NULL,NULL,NULL,NULL,NULL,NULL,'',NULL,NULL),
(464,'115','Rukiem',NULL,'58208400',NULL,NULL,NULL,NULL,NULL,NULL,NULL,NULL,'',NULL,NULL),
(465,'116','Wiyoto',NULL,'111085200',NULL,NULL,NULL,NULL,NULL,NULL,NULL,NULL,'',NULL,NULL),
(466,'116','Herni Noor Oktaviani',NULL,'402339600',NULL,NULL,NULL,NULL,NULL,NULL,NULL,NULL,'',NULL,NULL),
(467,'116','Rizky Nugroho',NULL,'1334595600',NULL,NULL,NULL,NULL,NULL,NULL,NULL,NULL,'',NULL,NULL),
(468,'117','Wardono',NULL,'-1407600',NULL,NULL,NULL,NULL,NULL,NULL,NULL,NULL,'',NULL,NULL),
(469,'118','Yuni Darmawan',NULL,'393872400',NULL,NULL,NULL,NULL,NULL,NULL,NULL,NULL,'',NULL,NULL),
(470,'118','Ririt Ratna Ita Wahyuni',NULL,'454870800',NULL,NULL,NULL,NULL,NULL,NULL,NULL,NULL,'',NULL,NULL),
(471,'118','Shafa Aulia Shalsabila D',NULL,'1234285200',NULL,NULL,NULL,NULL,NULL,NULL,NULL,NULL,'',NULL,NULL);

/*Table structure for table `users` */

DROP TABLE IF EXISTS `users`;

CREATE TABLE `users` (
  `id` int(10) unsigned NOT NULL AUTO_INCREMENT,
  `name` varchar(255) COLLATE utf8mb4_unicode_ci NOT NULL,
  `email` varchar(255) COLLATE utf8mb4_unicode_ci NOT NULL,
  `password` varchar(255) COLLATE utf8mb4_unicode_ci NOT NULL,
  `remember_token` varchar(100) COLLATE utf8mb4_unicode_ci DEFAULT NULL,
  `created_at` timestamp NULL DEFAULT NULL,
  `updated_at` timestamp NULL DEFAULT NULL,
  PRIMARY KEY (`id`),
  UNIQUE KEY `users_email_unique` (`email`)
) ENGINE=InnoDB AUTO_INCREMENT=2 DEFAULT CHARSET=utf8mb4 COLLATE=utf8mb4_unicode_ci;

/*Data for the table `users` */

insert  into `users` values 
(1,'admin','admin@admin.com','$2y$10$qC2f3h94H/DaldzQgxeFHerqWsXgUb.kvnx6iMdV.ll7c7aLdgkF2','4KQJL5oXjgEmEMmWMNvAgsi7elCLPaaIE6Yb7y7TAxlpcnebmVWdEEqEDdzR',NULL,NULL);

/*!40101 SET SQL_MODE=@OLD_SQL_MODE */;
/*!40014 SET FOREIGN_KEY_CHECKS=@OLD_FOREIGN_KEY_CHECKS */;
/*!40014 SET UNIQUE_CHECKS=@OLD_UNIQUE_CHECKS */;
/*!40111 SET SQL_NOTES=@OLD_SQL_NOTES */;
